"Guid","AccountId","Application__c","Comments","Description","IsEscalated","ParentId","Priority","Reason","Status","Subject","SuppliedCompany","SuppliedName","SuppliedPhone","Type","TypeDetail__c"
00492668-6bfc-4b7e-8d46-b0a9e0dffc6a,d88e2b19-f9a3-4fa4-b7fd-22ae8453d15f,"#N/A","#N/A","#N/A",I was wondering if It is possible to o delete my profiles and start from scratch?,false,"#N/A",Medium,User didn't attend training,On Hold,Can I delete all my profiles?,"#N/A","#N/A","#N/A",Question,"#N/A"
02d0e166-e63b-4dd1-bc49-c73e73bdbd3f,458c89aa-9125-4803-ab3f-175ac6d139aa,"#N/A","#N/A","#N/A",Is it possible to make our widgets waterproof?,false,"#N/A",Low,New problem,Closed,Widgets aren't waterproof,"#N/A","#N/A","#N/A",Feature Request,"#N/A"
039f9949-b174-4955-90d1-150bb41f9782,ad5a5fa2-0e38-432b-808a-73e12337a409,"#N/A","#N/A","#N/A",I'm having trouble using the xyz widget....,false,"#N/A",High,Instructions not clear,On Hold,Trouble using the xyz widget,"#N/A","#N/A","#N/A",Feature Request,"#N/A"
03fedc7d-afc2-4858-ae78-a4c95be93084,e9b4f7fe-5ec6-4c60-bd26-1666cd5087f0,"#N/A","#N/A","#N/A",Is it possible to make our widgets waterproof?,false,"#N/A",Low,New problem,Pending Approval,Widgets aren't waterproof,"#N/A","#N/A","#N/A",Feature Request,"#N/A"
046de4f7-dda8-4884-9fba-b16df2b14c54,ef767517-4f5b-412e-817b-6fcaa5789f73,"#N/A","#N/A","#N/A",My company makes and app. Can we integrate it with your products?,false,"#N/A",Medium,Complex Functionallity,Rejected,Third Party Integrations,"#N/A","#N/A","#N/A",Feature Request,"#N/A"
054ba4ad-5199-4c9c-8622-97448c1d4050,a1bd970e-b93f-4201-a375-a4de321e1e9c,"#N/A","#N/A","#N/A",After we received your new waterproof widgets we noticed they didn't float. What gives?,false,"#N/A",Low,New problem,Approved,Waterproof Widgets donâ€™t float,"#N/A","#N/A","#N/A",Feature Request,"#N/A"
072828be-dca0-4378-80fe-e2b35fe04605,52f9bda6-5b57-446f-a107-a8c5b01c75b1,"#N/A","#N/A","#N/A",I have forgotten my login. Please send me new credentials.,false,"#N/A",Medium,Instructions not clear,Pending Approval,Login credentials,"#N/A","#N/A","#N/A",Feature Request,"#N/A"
07793bb2-8531-4abd-833b-364cd1d5eeec,9377780b-19d0-45e3-a6b2-458cc8cb2b74,"#N/A","#N/A","#N/A",Is it possible to make our widgets waterproof?,false,"#N/A",Low,New problem,Pending Approval,Widgets aren't waterproof,"#N/A","#N/A","#N/A",Feature Request,"#N/A"
0c4b68d2-a6fb-4fa5-9385-4909a017a6f7,fc45ff13-4e68-4f49-a868-b4fe38ca4714,"#N/A","#N/A","#N/A",After we received your new waterproof widgets we noticed they didn't float. What gives?,false,"#N/A",Low,New problem,New,Waterproof Widgets donâ€™t float,"#N/A","#N/A","#N/A",Feature Request,"#N/A"
0caa7096-ba7b-4d25-86b8-21eb59bfd3b8,359dec9b-63ba-4241-b0eb-8c3a4373485e,"#N/A","#N/A","#N/A",After we received your new waterproof widgets we noticed they didn't float. What gives?,false,"#N/A",Low,New problem,On Hold,Waterproof Widgets donâ€™t float,"#N/A","#N/A","#N/A",Feature Request,"#N/A"
0d16b221-b7bf-4647-ac94-1f11d2fdb2da,60b42748-6bbd-4282-9e86-51d403fe4a36,"#N/A","#N/A","#N/A",Is it possible to make our widgets waterproof?,false,"#N/A",Low,New problem,On Hold,Widgets aren't waterproof,"#N/A","#N/A","#N/A",Feature Request,"#N/A"
0dc7800b-5288-43ad-ac2b-3c6301677bca,60b42748-6bbd-4282-9e86-51d403fe4a36,"#N/A","#N/A","#N/A",When I upgraded to the newest version some of my integrations broke,false,"#N/A",High,New problem,New,Newest update cause an error,"#N/A","#N/A","#N/A",Problem,"#N/A"
0e417acd-db5a-4e24-930c-3cf4e6b70c6f,5645600e-c77d-40a7-8222-0b3670361198,"#N/A","#N/A","#N/A",When I upgraded to the newest version some of my integrations broke,false,"#N/A",High,New problem,Rejected,Newest update cause an error,"#N/A","#N/A","#N/A",Problem,"#N/A"
0fa98a72-99ab-45ba-a148-b4826fe89e2c,f67f7476-dda7-45c6-8063-0b52cb233562,"#N/A","#N/A","#N/A",I was wondering if It is possible to o delete my profiles and start from scratch?,false,"#N/A",Medium,User didn't attend training,Pending Approval,Can I delete all my profiles?,"#N/A","#N/A","#N/A",Question,"#N/A"
0fe876eb-cc9e-4bea-bb2f-131ba60e2129,0cddba4b-f56d-404c-9b69-ea9d76c228d5,"#N/A","#N/A","#N/A",My company makes and app. Can we integrate it with your products?,false,"#N/A",Medium,Complex Functionallity,Rejected,Third Party Integrations,"#N/A","#N/A","#N/A",Feature Request,"#N/A"
10301e97-aa53-4dac-b0b1-08c397f54172,fd618262-2a79-4aa2-ad79-2c7421955aa8,"#N/A","#N/A","#N/A",When I upgraded to the newest version some of my integrations broke,false,"#N/A",High,New problem,On Hold,Newest update cause an error,"#N/A","#N/A","#N/A",Problem,"#N/A"
125ae41b-b679-4345-bfbc-3d2a78ad7d2a,cdcec54d-b975-4bc2-a552-4e056062d3da,"#N/A","#N/A","#N/A",When I upgraded to the newest version some of my integrations broke,false,"#N/A",High,New problem,Rejected,Newest update cause an error,"#N/A","#N/A","#N/A",Problem,"#N/A"
13b62084-4b4a-410a-9638-1f5f30a39f56,011838f2-005f-41f1-b297-f0d3c142f662,"#N/A","#N/A","#N/A",I'd like to block access to company analytics for certain users of the Inventory Management Suite.,false,"#N/A",Medium,Instructions not clear,Rejected,How do we restrict access?,"#N/A","#N/A","#N/A",Feature Request,"#N/A"
1415b3e7-59b0-4616-a8da-ff36e9798933,a4ebde23-7098-4ea3-84ec-7ebe4f1fb794,"#N/A","#N/A","#N/A",I'm having trouble using the xyz widget....,false,"#N/A",High,Instructions not clear,Pending Approval,Trouble using the xyz widget,"#N/A","#N/A","#N/A",Feature Request,"#N/A"
14711bda-9401-4d82-8d8b-5991adc6b655,a30be0a9-e2da-493e-92a3-af664fc5bfad,"#N/A","#N/A","#N/A",I have forgotten my login. Please send me new credentials.,false,"#N/A",Medium,Instructions not clear,Rejected,Login credentials,"#N/A","#N/A","#N/A",Feature Request,"#N/A"
14dd6bd6-1330-4e5e-a995-ba09c552b567,7ff8b762-1cb3-411b-8c84-35aa74c258d8,"#N/A","#N/A","#N/A",After we received your new waterproof widgets we noticed they didn't float. What gives?,false,"#N/A",Low,New problem,New,Waterproof Widgets donâ€™t float,"#N/A","#N/A","#N/A",Feature Request,"#N/A"
16f448e4-5eb0-495c-a846-32de5ef249ce,c9a00c85-59f6-4d93-a7a2-03105157f676,"#N/A","#N/A","#N/A",I was wondering if It is possible to o delete my profiles and start from scratch?,false,"#N/A",Medium,User didn't attend training,Rejected,Can I delete all my profiles?,"#N/A","#N/A","#N/A",Question,"#N/A"
176b7ef1-5737-452e-832e-7992b5cfc325,9d2b8ccf-1e61-4b2d-ac58-04c8afd53654,"#N/A","#N/A","#N/A",Is it possible to make our widgets waterproof?,false,"#N/A",Low,New problem,On Hold,Widgets aren't waterproof,"#N/A","#N/A","#N/A",Feature Request,"#N/A"
1a4b25b3-4856-4206-b6aa-dae488b8d43e,7ca04768-5580-454f-9cb0-ab5fed05a73f,"#N/A","#N/A","#N/A",Is it possible to make our widgets waterproof?,false,"#N/A",Low,New problem,Closed,Widgets aren't waterproof,"#N/A","#N/A","#N/A",Feature Request,"#N/A"
1d99fe36-fc0f-4929-ad37-279bef4c3327,a1c17ba1-e231-4839-b79f-4e7ba826c66a,Service Cloud,"#N/A","#N/A",I'm having an issue with something I have on hand. Help please!!!,false,"#N/A",Medium,"#N/A",In Progress,Having an issue with my stuff.,"#N/A","#N/A","#N/A",Problem,"#N/A"
1d9ef958-e821-4a90-aa03-28e61a4a5ef8,a9b1c568-dd95-4e74-9d7e-757a873d300c,"#N/A","#N/A","#N/A",Last statement question.,false,"#N/A",Medium,"#N/A",Pending Approval,Question about my last statement,"#N/A","#N/A","#N/A","#N/A","#N/A"
1f3d7216-74f8-41cf-9bc5-ea582a040ca6,6d0a290f-2a55-4d9b-bfc1-086c36939bf2,"#N/A","#N/A","#N/A",When I upgraded to the newest version some of my integrations broke,false,"#N/A",High,New problem,New,Newest update cause an error,"#N/A","#N/A","#N/A",Problem,"#N/A"
1fce5cd9-f61b-4214-992d-c2c94a1c29da,f7f5f2a0-cf68-40aa-9723-7be4c947c0c7,"#N/A","#N/A","#N/A",I have forgotten my login. Please send me new credentials.,false,"#N/A",Medium,Instructions not clear,Pending Approval,Login credentials,"#N/A","#N/A","#N/A",Feature Request,"#N/A"
1ffd8d40-13a4-4496-b8ae-8b5c399d1223,f39cbbb5-93af-4abd-9c7a-5e413fe64bca,"#N/A","#N/A","#N/A",I'm having trouble using the xyz widget....,false,"#N/A",High,Instructions not clear,On Hold,Trouble using the xyz widget,"#N/A","#N/A","#N/A",Feature Request,"#N/A"
201d9dbd-6143-4906-924c-50e4b45d53c1,e016bbab-d3be-4401-81eb-32bee24f7a58,"#N/A","#N/A","#N/A",After we received your new waterproof widgets we noticed they didn't float. What gives?,false,"#N/A",Low,New problem,Closed,Waterproof Widgets donâ€™t float,"#N/A","#N/A","#N/A",Feature Request,"#N/A"
20bc9b35-170b-4c14-9644-285b0674ea8f,fc45ff13-4e68-4f49-a868-b4fe38ca4714,"#N/A","#N/A","#N/A",I'm having trouble using the xyz widget....,false,"#N/A",High,Instructions not clear,Closed,Trouble using the xyz widget,"#N/A","#N/A","#N/A",Feature Request,"#N/A"
20e45c63-9c76-421f-8bb1-4064a7f88479,7ca04768-5580-454f-9cb0-ab5fed05a73f,"#N/A","#N/A","#N/A",I'm having trouble using the xyz widget....,false,"#N/A",High,Instructions not clear,Approved,Trouble using the xyz widget,"#N/A","#N/A","#N/A",Feature Request,"#N/A"
21132a8c-7faa-4fff-8863-05f24045d7b1,fd618262-2a79-4aa2-ad79-2c7421955aa8,"#N/A","#N/A","#N/A",I was wondering if It is possible to o delete my profiles and start from scratch?,false,"#N/A",Medium,User didn't attend training,Approved,Can I delete all my profiles?,"#N/A","#N/A","#N/A",Question,"#N/A"
21d7f577-1e16-4525-a4c2-6af595357e55,76f53661-fc9b-4245-a190-4835212ef227,"#N/A","#N/A","#N/A",Prefers Direct Phone Outreach,false,"#N/A",Medium,New problem,Escalated,Faulty widget,"#N/A","#N/A","#N/A",Problem,"#N/A"
220faeb2-94ce-42d9-82fe-a9eacd8c7d79,03697332-e6c6-4758-93d6-6602e9cd7c82,"#N/A","#N/A","#N/A",Prefers Direct Phone Outreach,false,"#N/A",Medium,Complex functionality,Rejected,How to use  Image Fields (Word),"#N/A","#N/A","#N/A",Question,"#N/A"
233e36de-9165-4601-b761-3ce1d9de49c0,6ea1cb93-05e0-4dcf-bc33-d586b422b6af,"#N/A","#N/A","#N/A",I have forgotten my login. Please send me new credentials.,false,"#N/A",Medium,Instructions not clear,Rejected,Login credentials,"#N/A","#N/A","#N/A",Feature Request,"#N/A"
2438ac04-a193-4aca-8ab1-02774cb34a6d,3f16af9f-5085-41bf-96ed-2408db5e012b,"#N/A","#N/A","#N/A",When I upgraded to the newest version some of my integrations broke,false,"#N/A",High,New problem,Rejected,Newest update cause an error,"#N/A","#N/A","#N/A",Problem,"#N/A"
2693ebd5-d968-422c-87dd-120ed23932be,3b7e1bf0-8059-4203-aee0-b92ae3f34a58,"#N/A","#N/A","#N/A",My company makes and app. Can we integrate it with your products?,false,"#N/A",Medium,Complex Functionallity,New,Third Party Integrations,"#N/A","#N/A","#N/A",Feature Request,"#N/A"
26b0883e-8692-4a2e-98f3-87fb92dc2904,548caa2b-db54-4aed-823f-f1cd4369d06b,"#N/A","#N/A","#N/A",After we received your new waterproof widgets we noticed they didn't float. What gives?,false,"#N/A",Low,New problem,New,Waterproof Widgets donâ€™t float,"#N/A","#N/A","#N/A",Feature Request,"#N/A"
26d204bd-f2ca-4024-a536-2b66f9833684,c71da094-0abd-4d27-b96c-dad1ddee3ef1,"#N/A","#N/A","#N/A",Is it possible to make our widgets waterproof?,false,"#N/A",Low,New problem,Approved,Widgets aren't waterproof,"#N/A","#N/A","#N/A",Feature Request,"#N/A"
27a3478f-c6e3-4282-b5b6-74ce8527f577,19e45baa-82fe-496a-841d-ff6b5b031dac,"#N/A","#N/A","#N/A",My company makes and app. Can we integrate it with your products?,false,"#N/A",Medium,Complex Functionallity,Closed,Third Party Integrations,"#N/A","#N/A","#N/A",Feature Request,"#N/A"
27b9f0e9-a0c6-4ee4-86c2-8741038abc9e,1552ad21-323e-4331-be22-fdfa8302938b,"#N/A","#N/A","#N/A",Is it possible to make our widgets waterproof?,false,"#N/A",Low,New problem,New,Widgets aren't waterproof,"#N/A","#N/A","#N/A",Feature Request,"#N/A"
27c98de5-fb19-47cf-8e67-60f950c4d606,5e6dbe38-4eae-4a52-a525-85361f193f86,"#N/A","#N/A","#N/A",After we received your new waterproof widgets we noticed they didn't float. What gives?,false,"#N/A",Low,New problem,Pending Approval,Waterproof Widgets donâ€™t float,"#N/A","#N/A","#N/A",Feature Request,"#N/A"
27d5d424-4f35-462f-ad14-06d3fed4abf6,19e45baa-82fe-496a-841d-ff6b5b031dac,"#N/A","#N/A","#N/A",I'm having trouble using the xyz widget....,false,"#N/A",High,Instructions not clear,Pending Approval,Trouble using the xyz widget,"#N/A","#N/A","#N/A",Feature Request,"#N/A"
2aac1d0b-ab3f-49e6-bbeb-c0c3f3c50b37,a10e55e5-be64-4dad-922f-51b0b4dde5d1,"#N/A","#N/A","#N/A",After we received your new waterproof widgets we noticed they didn't float. What gives?,false,"#N/A",Low,New problem,Rejected,Waterproof Widgets donâ€™t float,"#N/A","#N/A","#N/A",Feature Request,"#N/A"
2aad91e4-7d6f-4ac3-910d-b28b3d61a822,be8f6c38-d39f-44bd-80c9-51994c11d160,"#N/A","#N/A","#N/A",I was wondering if It is possible to o delete my profiles and start from scratch?,false,"#N/A",Medium,User didn't attend training,On Hold,Can I delete all my profiles?,"#N/A","#N/A","#N/A",Question,"#N/A"
2b309c83-ff76-4675-ad52-c416d4a0e2e2,262b3cbd-a45c-4c96-876c-3e5c16cef0c8,"#N/A","#N/A","#N/A",I'm having trouble using the xyz widget....,false,"#N/A",High,Instructions not clear,New,Trouble using the xyz widget,"#N/A","#N/A","#N/A",Feature Request,"#N/A"
2b96e7b7-1b03-4504-810e-c827cc034574,2d4d76af-765a-4aaf-8cd1-01a44d8aa23c,"#N/A","#N/A","#N/A",I have forgotten my login. Please send me new credentials.,false,"#N/A",Medium,Instructions not clear,On Hold,Login credentials,"#N/A","#N/A","#N/A",Feature Request,"#N/A"
2c486a10-1940-4623-b851-c45887aa0eee,53a2cbc5-2e31-4b10-84c4-bfb75408b739,"#N/A","#N/A","#N/A",I have forgotten my login. Please send me new credentials.,false,"#N/A",Medium,Instructions not clear,On Hold,Login credentials,"#N/A","#N/A","#N/A",Feature Request,"#N/A"
2d5d618d-9b69-49db-b490-830aba6d9456,6c609288-f18f-4b98-a344-23c74f8684a5,"#N/A","#N/A","#N/A",When I upgraded to the newest version some of my integrations broke,false,"#N/A",High,New problem,Rejected,Newest update cause an error,"#N/A","#N/A","#N/A",Problem,"#N/A"
2db34841-4b9f-4911-b921-9464404c63c0,1d0a015b-a34e-4bd5-9e60-0f815f02218f,"#N/A","#N/A","#N/A",I'm having trouble using the xyz widget....,false,"#N/A",High,Instructions not clear,Escalated,Trouble using the xyz widget,"#N/A","#N/A","#N/A",Feature Request,"#N/A"
2e0033ec-5730-4b6d-a68e-1c761d394243,4327b454-a73e-4a41-9020-7fd4bbcf35dc,"#N/A","#N/A","#N/A",I'm having trouble using the xyz widget....,false,"#N/A",High,Instructions not clear,Escalated,Trouble using the xyz widget,"#N/A","#N/A","#N/A",Feature Request,"#N/A"
2e63c2c2-824c-4151-9d46-209ff62ddb7c,c9a00c85-59f6-4d93-a7a2-03105157f676,"#N/A","#N/A","#N/A",I have forgotten my login. Please send me new credentials.,false,"#N/A",Medium,Instructions not clear,Escalated,Login credentials,"#N/A","#N/A","#N/A",Feature Request,"#N/A"
2ed9778c-bb39-4157-99b4-64c8e107119e,4b889e8e-755e-4988-b00f-339cb5816839,"#N/A","#N/A","#N/A",I'd like to block access to company analytics for certain users of the Inventory Management Suite.,false,"#N/A",Medium,Instructions not clear,On Hold,How do we restrict access?,"#N/A","#N/A","#N/A",Feature Request,"#N/A"
2f3a5606-4938-4264-8b1f-d00272cf334e,2a04d464-6196-45fd-b48b-a30e991e74e2,"#N/A","#N/A","#N/A",After we received your new waterproof widgets we noticed they didn't float. What gives?,false,"#N/A",Low,New problem,Rejected,Waterproof Widgets donâ€™t float,"#N/A","#N/A","#N/A",Feature Request,"#N/A"
2fb40cb9-89bb-4fa8-a6b7-1dafb192ef95,2fb12261-9ccf-4b7a-9e2a-83878f6cd0ac,"#N/A","#N/A","#N/A",I have forgotten my login. Please send me new credentials.,false,"#N/A",Medium,Instructions not clear,Approved,Login credentials,"#N/A","#N/A","#N/A",Feature Request,"#N/A"
3412282e-370c-4425-a690-dea3e9b8f354,9d2b8ccf-1e61-4b2d-ac58-04c8afd53654,"#N/A","#N/A","#N/A",My company makes and app. Can we integrate it with your products?,false,"#N/A",Medium,Complex Functionallity,Rejected,Third Party Integrations,"#N/A","#N/A","#N/A",Feature Request,"#N/A"
34545adc-5bee-4893-9cdb-fe44f4a53848,4907987f-b052-40a4-b037-bcf084c5ea49,"#N/A","#N/A","#N/A",I was wondering if It is possible to o delete my profiles and start from scratch?,false,"#N/A",Medium,User didn't attend training,On Hold,Can I delete all my profiles?,"#N/A","#N/A","#N/A",Question,"#N/A"
35031e01-b7d6-42fa-97ee-d8f8c3bedfd8,"#N/A",Sales Cloud,"#N/A","Need typical Sales Cloud Data for new project and testing. Prefer a Partial or Full SB.
-K, Thx. Bye!",false,"#N/A",Medium,"#N/A",Approved,Need a new SB with Data for project,"#N/A","#N/A","#N/A",Change Request,Data
355aabcb-eff0-4307-90bd-8d01c4b78be1,d750162b-a7b6-4e09-bb36-1487eb948c0f,"#N/A","#N/A","#N/A",I have forgotten my login. Please send me new credentials.,false,"#N/A",Medium,Instructions not clear,Pending Approval,Login credentials,"#N/A","#N/A","#N/A",Feature Request,"#N/A"
37d73ffa-af7f-48a6-8422-b069d8fa964f,"#N/A",Revenue Cloud,"#N/A",Update % required for deposit on Opportunity,false,"#N/A",High,"#N/A",Approved,Update Deposit Amount,"#N/A","#N/A","#N/A",Change Request,Metadata
37d8ca8b-2660-4a6e-871d-eadba9949c21,7ca04768-5580-454f-9cb0-ab5fed05a73f,"#N/A","#N/A","#N/A",I was wondering if It is possible to o delete my profiles and start from scratch?,false,"#N/A",Medium,User didn't attend training,On Hold,Can I delete all my profiles?,"#N/A","#N/A","#N/A",Question,"#N/A"
38aa7165-d0f3-4869-8279-d58ea07ad5fc,ad5a5fa2-0e38-432b-808a-73e12337a409,"#N/A","#N/A","#N/A",My company makes and app. Can we integrate it with your products?,false,"#N/A",Medium,Complex Functionallity,Escalated,Third Party Integrations,"#N/A","#N/A","#N/A",Feature Request,"#N/A"
38dfa80a-288b-48a6-8109-6d731bb0dd37,f1f111aa-9f8b-4cda-a7e4-779d0ce87bf2,"#N/A","#N/A","#N/A",When I upgraded to the newest version some of my integrations broke,false,"#N/A",High,New problem,Approved,Newest update cause an error,"#N/A","#N/A","#N/A",Problem,"#N/A"
39fc706f-b1cc-4add-bcba-c36c8b48302b,0c51bb88-68d3-4502-b148-57f094b3ee82,"#N/A","#N/A","#N/A",I was wondering if It is possible to o delete my profiles and start from scratch?,false,"#N/A",Medium,User didn't attend training,New,Can I delete all my profiles?,"#N/A","#N/A","#N/A",Question,"#N/A"
3a75b009-cfb7-4b96-8625-d2ac71e79165,c71da094-0abd-4d27-b96c-dad1ddee3ef1,"#N/A","#N/A","#N/A",I'm having trouble using the xyz widget....,false,"#N/A",High,Instructions not clear,Rejected,Trouble using the xyz widget,"#N/A","#N/A","#N/A",Feature Request,"#N/A"
3b01b9a4-516e-4a09-b587-de71000161d9,2a04d464-6196-45fd-b48b-a30e991e74e2,"#N/A","#N/A","#N/A",Is it possible to make our widgets waterproof?,false,"#N/A",Low,New problem,Approved,Widgets aren't waterproof,"#N/A","#N/A","#N/A",Feature Request,"#N/A"
3b417b43-700d-4314-871a-e6ce4c51360d,be8f6c38-d39f-44bd-80c9-51994c11d160,"#N/A","#N/A","#N/A",When I upgraded to the newest version some of my integrations broke,false,"#N/A",High,New problem,On Hold,Newest update cause an error,"#N/A","#N/A","#N/A",Problem,"#N/A"
3ba54aa4-797c-4b25-8501-29f910f78720,2a04d464-6196-45fd-b48b-a30e991e74e2,"#N/A","#N/A","#N/A",My company makes and app. Can we integrate it with your products?,false,"#N/A",Medium,Complex Functionallity,Pending Approval,Third Party Integrations,"#N/A","#N/A","#N/A",Feature Request,"#N/A"
3c428093-bfa5-40f4-ad2d-6353619e9dc4,6c609288-f18f-4b98-a344-23c74f8684a5,"#N/A","#N/A","#N/A",User Needs Help,false,"#N/A",Medium,Existing problem,On Hold,Subscription Renewal,"#N/A","#N/A","#N/A",Question,"#N/A"
3d016217-d412-4c39-a8a9-d85bc148b6cc,ad5a5fa2-0e38-432b-808a-73e12337a409,"#N/A","#N/A","#N/A",I have forgotten my login. Please send me new credentials.,false,"#N/A",Medium,Instructions not clear,On Hold,Login credentials,"#N/A","#N/A","#N/A",Feature Request,"#N/A"
3d7c63ed-90ca-4e12-9902-3bf1c1f0bd89,bebdea2f-be8e-44b3-be1e-2b6cac9592f2,"#N/A","#N/A","#N/A",I was wondering if It is possible to o delete my profiles and start from scratch?,false,"#N/A",Medium,User didn't attend training,Rejected,Can I delete all my profiles?,"#N/A","#N/A","#N/A",Question,"#N/A"
3dba337a-fc5c-4b9a-8e93-6ceeb0b1c9eb,b66b7302-5cd0-41f2-8cef-83aecae2f509,"#N/A","#N/A","#N/A",I was wondering if It is possible to o delete my profiles and start from scratch?,false,"#N/A",Medium,User didn't attend training,New,Can I delete all my profiles?,"#N/A","#N/A","#N/A",Question,"#N/A"
3e1e04ae-e7c7-4d4e-8f79-d89f722f39cc,173e2462-a008-49e9-81fd-f718115e230d,"#N/A","#N/A","#N/A",When I upgraded to the newest version some of my integrations broke,false,"#N/A",High,New problem,New,Newest update cause an error,"#N/A","#N/A","#N/A",Problem,"#N/A"
3e97dd49-0b4e-4ce2-86f4-cf4f7bdacf40,50048c10-e833-490f-8d7c-643badc3a8e5,"#N/A","#N/A","#N/A",User Needs Help,false,"#N/A",Medium,User didn't attend training,Escalated,No reports show when running Mail Merge,"#N/A","#N/A","#N/A",Problem,"#N/A"
404213cf-f199-4218-a4df-fcb3d8806012,d7a168e9-4115-4b58-8d32-eeb74e600ea6,"#N/A","#N/A","#N/A",I'd like to block access to company analytics for certain users of the Inventory Management Suite.,false,"#N/A",Medium,Instructions not clear,Closed,How do we restrict access?,"#N/A","#N/A","#N/A",Feature Request,"#N/A"
4096f1f5-6c4a-4309-8efe-b9d558d34395,64759528-6066-4534-81e8-28ea0598d1d6,"#N/A","#N/A","#N/A",I have forgotten my login. Please send me new credentials.,false,"#N/A",Medium,Instructions not clear,On Hold,Login credentials,"#N/A","#N/A","#N/A",Feature Request,"#N/A"
40e9579c-8e98-47be-ae9f-add3320b3f0a,4b279500-e0f3-4762-a131-998657be4511,"#N/A","#N/A","#N/A",I'm having trouble using the xyz widget....,false,"#N/A",High,Instructions not clear,Approved,Trouble using the xyz widget,"#N/A","#N/A","#N/A",Feature Request,"#N/A"
4172ce28-492d-47fd-9fda-8287c839ce2a,9d2b8ccf-1e61-4b2d-ac58-04c8afd53654,"#N/A","#N/A","#N/A",My company makes and app. Can we integrate it with your products?,false,"#N/A",Medium,Complex Functionallity,Approved,Third Party Integrations,"#N/A","#N/A","#N/A",Feature Request,"#N/A"
42768385-ac68-4d41-a6e7-81cfe1ceac67,f690f692-970a-428a-a6f3-54d807aaf06b,"#N/A","#N/A","#N/A",I'm having trouble using the xyz widget....,false,"#N/A",High,Instructions not clear,Approved,Trouble using the xyz widget,"#N/A","#N/A","#N/A",Feature Request,"#N/A"
431aab8a-85f5-46fc-aafd-531421d02aa0,1d27199c-43f8-4b93-af67-b21437b7d128,"#N/A","#N/A","#N/A",EMEA Case,false,"#N/A",Medium,User didn't attend training,Escalated,Can I embed an excel template into a word template?,"#N/A","#N/A","#N/A",Problem,"#N/A"
43723025-470b-46ba-b148-792329086312,7c0cb5ad-288f-4a29-81ea-f15ea4a0eb59,"#N/A","#N/A","#N/A",I'd like to block access to company analytics for certain users of the Inventory Management Suite.,false,"#N/A",Medium,Instructions not clear,Escalated,How do we restrict access?,"#N/A","#N/A","#N/A",Feature Request,"#N/A"
447ac132-5c09-4a93-b3fc-e8d13a9b1b2b,a9b1c568-dd95-4e74-9d7e-757a873d300c,"#N/A","#N/A","#N/A",EMEA Case,false,"#N/A",Medium,Existing problem,On Hold,Demo License,"#N/A","#N/A","#N/A",Problem,"#N/A"
4496bb97-cd36-4efb-9d25-dfa5e10a1593,c4c03171-563c-47b5-981b-f0ceac1a1c64,"#N/A","#N/A","#N/A",After we received your new waterproof widgets we noticed they didn't float. What gives?,false,"#N/A",Low,New problem,New,Waterproof Widgets donâ€™t float,"#N/A","#N/A","#N/A",Feature Request,"#N/A"
44e2f9a3-9f53-41ec-a26d-36c798f007c6,7ae134ba-c6d3-41a0-8dfb-071569b58eff,"#N/A","#N/A","#N/A",I'd like to block access to company analytics for certain users of the Inventory Management Suite.,false,"#N/A",Medium,Instructions not clear,Closed,How do we restrict access?,"#N/A","#N/A","#N/A",Feature Request,"#N/A"
44edaea4-d905-4541-ac74-1509a65cd9a7,ebacbdf1-dd2e-476a-98c1-10cba9c71d0f,"#N/A","#N/A","#N/A",I was wondering if It is possible to o delete my profiles and start from scratch?,false,"#N/A",Medium,User didn't attend training,New,Can I delete all my profiles?,"#N/A","#N/A","#N/A",Question,"#N/A"
45047b71-220f-4c19-b9f5-677c574e01ee,8919cf71-95c5-44ec-954c-ddb9476a73ef,"#N/A","#N/A","#N/A",Is it possible to make our widgets waterproof?,false,"#N/A",Low,New problem,Approved,Widgets aren't waterproof,"#N/A","#N/A","#N/A",Feature Request,"#N/A"
455acfdc-a61f-49aa-b699-b4e5bc8f87ca,60b42748-6bbd-4282-9e86-51d403fe4a36,"#N/A","#N/A","#N/A",I have forgotten my login. Please send me new credentials.,false,"#N/A",Medium,Instructions not clear,New,Login credentials,"#N/A","#N/A","#N/A",Feature Request,"#N/A"
467ec77d-8fb6-4777-8da0-6d2092cdd5cd,2df797fe-cfa2-459b-ad81-d53b9e554196,"#N/A","#N/A","#N/A",After we received your new waterproof widgets we noticed they didn't float. What gives?,false,"#N/A",Low,New problem,Pending Approval,Waterproof Widgets donâ€™t float,"#N/A","#N/A","#N/A",Feature Request,"#N/A"
46818395-f72f-4577-9ed3-0f607998383b,e3ccdaae-ce5a-4406-b367-96630de046af,"#N/A","#N/A","#N/A",After we received your new waterproof widgets we noticed they didn't float. What gives?,false,"#N/A",Low,New problem,Rejected,Waterproof Widgets donâ€™t float,"#N/A","#N/A","#N/A",Feature Request,"#N/A"
468cc832-8b95-4b1e-a0a9-4440f46268f8,a5f9badc-dc80-4749-a8b2-ff95f61f7376,"#N/A","#N/A","#N/A",I'd like to block access to company analytics for certain users of the Inventory Management Suite.,false,"#N/A",Medium,Instructions not clear,Rejected,How do we restrict access?,"#N/A","#N/A","#N/A",Feature Request,"#N/A"
47551edf-6d19-4e26-939c-8241ce40bdcc,34789887-fc46-4023-8537-539b8172ebf3,"#N/A","#N/A","#N/A",I'd like to block access to company analytics for certain users of the Inventory Management Suite.,false,"#N/A",Medium,Instructions not clear,New,How do we restrict access?,"#N/A","#N/A","#N/A",Feature Request,"#N/A"
489045c4-c061-486b-b765-d009849423de,7fab663c-d72b-49fd-b341-b66e884a4d7d,"#N/A","#N/A","#N/A",I'm having trouble using the xyz widget....,false,"#N/A",High,Instructions not clear,Closed,Trouble using the xyz widget,"#N/A","#N/A","#N/A",Feature Request,"#N/A"
48a123b2-02a7-40bc-addc-f2c3a5bbeb94,caca8371-05b0-4909-a704-dbb01aa89c7a,"#N/A","#N/A","#N/A",I was wondering if It is possible to o delete my profiles and start from scratch?,false,"#N/A",Medium,User didn't attend training,On Hold,Can I delete all my profiles?,"#N/A","#N/A","#N/A",Question,"#N/A"
48d8fbe8-9979-45bb-8faa-8214be46eeb2,5e6dbe38-4eae-4a52-a525-85361f193f86,"#N/A","#N/A","#N/A",After we received your new waterproof widgets we noticed they didn't float. What gives?,false,"#N/A",Low,New problem,New,Waterproof Widgets donâ€™t float,"#N/A","#N/A","#N/A",Feature Request,"#N/A"
49b6e1a3-78db-4b8c-a1d2-987db8235232,a5f9badc-dc80-4749-a8b2-ff95f61f7376,"#N/A","#N/A","#N/A",I'd like to block access to company analytics for certain users of the Inventory Management Suite.,false,"#N/A",Medium,Instructions not clear,New,How do we restrict access?,"#N/A","#N/A","#N/A",Feature Request,"#N/A"
49e275c3-d0b6-458b-aece-fd244857560f,e016bbab-d3be-4401-81eb-32bee24f7a58,"#N/A","#N/A","#N/A",I was wondering if It is possible to o delete my profiles and start from scratch?,false,"#N/A",Medium,User didn't attend training,New,Can I delete all my profiles?,"#N/A","#N/A","#N/A",Question,"#N/A"
49f43ba6-5172-428d-b1f0-3322237414cb,76f53661-fc9b-4245-a190-4835212ef227,"#N/A","#N/A","#N/A",I have forgotten my login. Please send me new credentials.,false,"#N/A",Medium,Instructions not clear,Pending Approval,Login credentials,"#N/A","#N/A","#N/A",Feature Request,"#N/A"
4c1d6c85-c6b8-47ed-a24d-48029b9e8ce9,9377780b-19d0-45e3-a6b2-458cc8cb2b74,"#N/A","#N/A","#N/A",I'm having trouble using the xyz widget....,false,"#N/A",High,Instructions not clear,Approved,Trouble using the xyz widget,"#N/A","#N/A","#N/A",Feature Request,"#N/A"
4d721c71-dcc6-4a03-80be-f7e1708fe0d1,e3ccdaae-ce5a-4406-b367-96630de046af,"#N/A","#N/A","#N/A",Is it possible to make our widgets waterproof?,false,"#N/A",Low,New problem,Approved,Widgets aren't waterproof,"#N/A","#N/A","#N/A",Feature Request,"#N/A"
4dbce62d-1900-4360-b6ff-09011e6a9cc4,5e6dbe38-4eae-4a52-a525-85361f193f86,"#N/A","#N/A","#N/A",User Needs Help,false,"#N/A",Medium,New problem,Rejected,Discussing a New Report Scheme,"#N/A","#N/A","#N/A",Question,"#N/A"
4de7ede0-a2a1-4078-aea4-3b8d29546965,6fbac922-cc3e-45f6-973f-ad272607efe6,"#N/A","#N/A","#N/A",Is it possible to make our widgets waterproof?,false,"#N/A",Low,New problem,Escalated,Widgets aren't waterproof,"#N/A","#N/A","#N/A",Feature Request,"#N/A"
4f37b3dd-4e90-4e8a-a3bb-7cad08c5b6b4,d98ae39e-bf25-449f-94f5-367831b784b1,"#N/A","#N/A","#N/A","#N/A",false,"#N/A",Medium,"#N/A",Closed,Can't find test report,"#N/A","#N/A","#N/A","#N/A","#N/A"
4f89cb37-d945-42a3-a70d-e110d2fb96b2,4aafc60d-1477-4915-a5ef-2024a115139d,"#N/A","#N/A","#N/A",I was wondering if It is possible to o delete my profiles and start from scratch?,false,"#N/A",Medium,User didn't attend training,New,Can I delete all my profiles?,"#N/A","#N/A","#N/A",Question,"#N/A"
51ca5aae-bac2-41a3-9aa8-dd7ab0897775,cdcec54d-b975-4bc2-a552-4e056062d3da,"#N/A","#N/A","#N/A",I'm having trouble using the xyz widget....,false,"#N/A",High,Instructions not clear,Rejected,Trouble using the xyz widget,"#N/A","#N/A","#N/A",Feature Request,"#N/A"
5348633e-ec2a-4d66-a278-30669aee499a,c076628f-2c53-4eed-81d6-6055858b4890,"#N/A","#N/A","#N/A",I was wondering if It is possible to o delete my profiles and start from scratch?,false,"#N/A",Medium,User didn't attend training,Pending Approval,Can I delete all my profiles?,"#N/A","#N/A","#N/A",Question,"#N/A"
549b001f-d1cd-4fdf-864f-4e5802759580,3f16af9f-5085-41bf-96ed-2408db5e012b,"#N/A","#N/A","#N/A",I'd like to block access to company analytics for certain users of the Inventory Management Suite.,false,"#N/A",Medium,Instructions not clear,Approved,How do we restrict access?,"#N/A","#N/A","#N/A",Feature Request,"#N/A"
5643c7af-9717-4665-a72c-7bd37cc9e611,7ae134ba-c6d3-41a0-8dfb-071569b58eff,"#N/A","#N/A","#N/A",My company makes and app. Can we integrate it with your products?,false,"#N/A",Medium,Complex Functionallity,New,Third Party Integrations,"#N/A","#N/A","#N/A",Feature Request,"#N/A"
56eae2f5-4d3c-41ce-8667-1a311c284fa9,c4c03171-563c-47b5-981b-f0ceac1a1c64,"#N/A","#N/A","#N/A",I have forgotten my login. Please send me new credentials.,false,"#N/A",Medium,Instructions not clear,Pending Approval,Login credentials,"#N/A","#N/A","#N/A",Feature Request,"#N/A"
577a9df9-f67a-4884-b6dc-a3f5477bcc7c,990a237e-03ab-4019-a1f4-32d5799e5ac3,"#N/A","#N/A","#N/A",Prefers Direct Phone Outreach,false,"#N/A",Medium,User didn't attend training,Escalated,New Contact Process,"#N/A","#N/A","#N/A",Question,"#N/A"
58997cdc-c84c-42f3-80d9-ead2302b47ca,1a03527b-19af-4bf1-acba-21fb1a7be078,"#N/A","#N/A","#N/A",Is it possible to make our widgets waterproof?,false,"#N/A",Low,New problem,Approved,Widgets aren't waterproof,"#N/A","#N/A","#N/A",Feature Request,"#N/A"
593508f0-5fd0-40c8-8148-84d9cf279a99,093a2350-eeea-4323-8398-8a34a3f4439f,"#N/A","#N/A","#N/A",Prefers Direct Phone Outreach,false,"#N/A",Medium,Existing problem,New,Install Assistance,"#N/A","#N/A","#N/A",Question,"#N/A"
5aaecedd-67bf-4692-af48-a29b3228b302,d7a168e9-4115-4b58-8d32-eeb74e600ea6,"#N/A","#N/A","#N/A",When I upgraded to the newest version some of my integrations broke,false,"#N/A",High,New problem,On Hold,Newest update cause an error,"#N/A","#N/A","#N/A",Problem,"#N/A"
5aca5889-8d42-4375-aebd-fdfae8749bed,b040d0bb-799f-45fd-9b6b-5393f7c7c641,"#N/A","#N/A","#N/A",I was wondering if It is possible to o delete my profiles and start from scratch?,false,"#N/A",Medium,User didn't attend training,Escalated,Can I delete all my profiles?,"#N/A","#N/A","#N/A",Question,"#N/A"
5bd595a2-bea3-4831-b685-47e2ca1658e7,"#N/A",Sales Cloud,"#N/A",Lead Page Layout - Lead Source,false,"#N/A",Low,"#N/A",Approved,Lead Source field on Lead Page Layout,"#N/A","#N/A","#N/A",Change Request,Metadata
5c1376c4-acfd-48a3-93dd-1be2b2535213,caca8371-05b0-4909-a704-dbb01aa89c7a,"#N/A","#N/A","#N/A",I'm having trouble using the xyz widget....,false,"#N/A",High,Instructions not clear,Pending Approval,Trouble using the xyz widget,"#N/A","#N/A","#N/A",Feature Request,"#N/A"
5cb3336f-e708-41ba-8072-09f9b7de879a,5d45091d-555b-45a0-9a65-43662e38fa1e,"#N/A","#N/A","#N/A",I was wondering if It is possible to o delete my profiles and start from scratch?,false,"#N/A",Medium,User didn't attend training,New,Can I delete all my profiles?,"#N/A","#N/A","#N/A",Question,"#N/A"
5cf6014b-ed32-42ea-8b4a-010553211229,ebacbdf1-dd2e-476a-98c1-10cba9c71d0f,"#N/A","#N/A","#N/A",My company makes and app. Can we integrate it with your products?,false,"#N/A",Medium,Complex Functionallity,Rejected,Third Party Integrations,"#N/A","#N/A","#N/A",Feature Request,"#N/A"
5d5c710d-d14d-4d7d-99cf-9e30ea30c19f,f7f5f2a0-cf68-40aa-9723-7be4c947c0c7,"#N/A","#N/A","#N/A",After we received your new waterproof widgets we noticed they didn't float. What gives?,false,"#N/A",Low,New problem,Pending Approval,Waterproof Widgets donâ€™t float,"#N/A","#N/A","#N/A",Feature Request,"#N/A"
5dec19b8-4375-4c49-8bc2-eaa49265f449,359dec9b-63ba-4241-b0eb-8c3a4373485e,"#N/A","#N/A","#N/A",After we received your new waterproof widgets we noticed they didn't float. What gives?,false,"#N/A",Low,New problem,Approved,Waterproof Widgets donâ€™t float,"#N/A","#N/A","#N/A",Feature Request,"#N/A"
5ee3e5bc-822f-404d-b5f4-99c767bf0337,be8f6c38-d39f-44bd-80c9-51994c11d160,"#N/A","#N/A","#N/A",I'm having trouble using the xyz widget....,false,"#N/A",High,Instructions not clear,Approved,Trouble using the xyz widget,"#N/A","#N/A","#N/A",Feature Request,"#N/A"
5eec1c3a-0613-43af-a746-af084330dd3d,80bdf134-6f1d-4719-9541-f0591469fc47,"#N/A","#N/A","#N/A",I'm having trouble using the xyz widget....,false,"#N/A",High,Instructions not clear,Approved,Trouble using the xyz widget,"#N/A","#N/A","#N/A",Feature Request,"#N/A"
5f05ef7f-7c56-46aa-8691-a7f713196577,d88e2b19-f9a3-4fa4-b7fd-22ae8453d15f,"#N/A","#N/A","#N/A",I'm having trouble using the xyz widget....,false,"#N/A",High,Instructions not clear,Escalated,Trouble using the xyz widget,"#N/A","#N/A","#N/A",Feature Request,"#N/A"
5f9717a1-8436-4c42-929a-dc1b31a126dc,76f53661-fc9b-4245-a190-4835212ef227,"#N/A","#N/A","#N/A",I'd like to block access to company analytics for certain users of the Inventory Management Suite.,false,"#N/A",Medium,Instructions not clear,Escalated,How do we restrict access?,"#N/A","#N/A","#N/A",Feature Request,"#N/A"
601f1599-b179-437a-b350-97f2260bd02d,7de8713c-ba60-43f6-af04-3c8f0f83eb63,"#N/A","#N/A","#N/A",I'm having trouble using the xyz widget....,false,"#N/A",High,Instructions not clear,Approved,Trouble using the xyz widget,"#N/A","#N/A","#N/A",Feature Request,"#N/A"
607cbb76-4f3e-483d-991b-346b94c0ab1f,22812aae-dec5-41ff-ada6-2edf8cc5fceb,"#N/A","#N/A","#N/A",I'd like to block access to company analytics for certain users of the Inventory Management Suite.,false,"#N/A",Medium,Instructions not clear,Escalated,How do we restrict access?,"#N/A","#N/A","#N/A",Feature Request,"#N/A"
610890cf-4044-4469-ae79-268338adde16,1373b2a7-9c6b-403b-8439-99127ef84ce2,"#N/A","#N/A","#N/A",After we received your new waterproof widgets we noticed they didn't float. What gives?,false,"#N/A",Low,New problem,Closed,Waterproof Widgets donâ€™t float,"#N/A","#N/A","#N/A",Feature Request,"#N/A"
61244989-5c27-4193-a042-a7f63440617c,7de8713c-ba60-43f6-af04-3c8f0f83eb63,"#N/A","#N/A","#N/A",I was wondering if It is possible to o delete my profiles and start from scratch?,false,"#N/A",Medium,User didn't attend training,Approved,Can I delete all my profiles?,"#N/A","#N/A","#N/A",Question,"#N/A"
6167ecea-15bd-42c2-b939-ebeec799c9da,1552ad21-323e-4331-be22-fdfa8302938b,"#N/A","#N/A","#N/A",I'd like to block access to company analytics for certain users of the Inventory Management Suite.,false,"#N/A",Medium,Instructions not clear,Closed,How do we restrict access?,"#N/A","#N/A","#N/A",Feature Request,"#N/A"
6191bb11-248d-4574-b96d-a086d3303862,68925ae8-dddc-4e63-85fd-626544383618,"#N/A","#N/A","#N/A",EMEA Case,false,"#N/A",Medium,User didn't attend training,Escalated,How to remove the Salesforce Id from the Document's name,"#N/A","#N/A","#N/A",Question,"#N/A"
621f5ed6-e01a-4b73-b1d7-542f200556aa,3b7e1bf0-8059-4203-aee0-b92ae3f34a58,"#N/A","#N/A","#N/A",I was wondering if It is possible to o delete my profiles and start from scratch?,false,"#N/A",Medium,User didn't attend training,New,Can I delete all my profiles?,"#N/A","#N/A","#N/A",Question,"#N/A"
62f6f109-b25c-49c3-afad-f144b66f4d1a,e593c870-285e-4a97-8fe0-fcad10964493,"#N/A","#N/A","#N/A",I have forgotten my login. Please send me new credentials.,false,"#N/A",Medium,Instructions not clear,Pending Approval,Login credentials,"#N/A","#N/A","#N/A",Feature Request,"#N/A"
658ece4b-b41a-458c-921f-ab27b66f791d,bebdea2f-be8e-44b3-be1e-2b6cac9592f2,"#N/A","#N/A","#N/A",I'd like to block access to company analytics for certain users of the Inventory Management Suite.,false,"#N/A",Medium,Instructions not clear,Rejected,How do we restrict access?,"#N/A","#N/A","#N/A",Feature Request,"#N/A"
662ba50d-dd35-4f40-9291-c293bc922eb3,58ff2d98-8d8b-4f10-8de4-924fe1112fce,"#N/A","#N/A","#N/A",When I upgraded to the newest version some of my integrations broke,false,"#N/A",High,New problem,Closed,Newest update cause an error,"#N/A","#N/A","#N/A",Problem,"#N/A"
662cf6f3-6019-4ff8-a55e-48c9cc7db4e6,2adfc30a-b0e6-496e-9b53-547a024d93c1,"#N/A","#N/A","#N/A",I'd like to block access to company analytics for certain users of the Inventory Management Suite.,false,"#N/A",Medium,Instructions not clear,Rejected,How do we restrict access?,"#N/A","#N/A","#N/A",Feature Request,"#N/A"
665144b3-869b-427b-b9d1-0ca1b50fb928,6ea1cb93-05e0-4dcf-bc33-d586b422b6af,"#N/A","#N/A","#N/A",Prefers Direct Phone Outreach,false,"#N/A",Medium,User didn't attend training,Pending Approval,Requirements and subscription questions,"#N/A","#N/A","#N/A",Question,"#N/A"
66ee0877-16d0-47dc-aea6-2092be1b2149,ef5289e7-34f6-4f71-aed5-e510f45f290b,"#N/A","#N/A","#N/A",When I upgraded to the newest version some of my integrations broke,false,"#N/A",High,New problem,New,Newest update cause an error,"#N/A","#N/A","#N/A",Problem,"#N/A"
685f1679-1707-4e2e-a0ce-b1507aff4e30,a9b1c568-dd95-4e74-9d7e-757a873d300c,"#N/A","#N/A","#N/A",I have forgotten my login. Please send me new credentials.,false,"#N/A",Medium,Instructions not clear,Rejected,Login credentials,"#N/A","#N/A","#N/A",Feature Request,"#N/A"
68a84175-4762-4b54-bc8b-84a014d01d54,68925ae8-dddc-4e63-85fd-626544383618,"#N/A","#N/A","#N/A",I was wondering if It is possible to o delete my profiles and start from scratch?,false,"#N/A",Medium,User didn't attend training,Escalated,Can I delete all my profiles?,"#N/A","#N/A","#N/A",Question,"#N/A"
6984ecfb-5bc0-4769-a9b7-0839cc6db36e,3b7e1bf0-8059-4203-aee0-b92ae3f34a58,"#N/A","#N/A","#N/A",I'm having trouble using the xyz widget....,false,"#N/A",High,Instructions not clear,On Hold,Trouble using the xyz widget,"#N/A","#N/A","#N/A",Feature Request,"#N/A"
6a191889-23f0-4878-acaf-468114830579,6fbac922-cc3e-45f6-973f-ad272607efe6,"#N/A","#N/A","#N/A",I'm having trouble using the xyz widget....,false,"#N/A",High,Instructions not clear,New,Trouble using the xyz widget,"#N/A","#N/A","#N/A",Feature Request,"#N/A"
6b2ba3a5-2f4e-46e8-97bf-5fec0c08e9b6,115d628a-bc88-4073-8140-121dab9a557a,"#N/A","#N/A","#N/A",I have forgotten my login. Please send me new credentials.,false,"#N/A",Medium,Instructions not clear,On Hold,Login credentials,"#N/A","#N/A","#N/A",Feature Request,"#N/A"
6bb70bb5-f5e6-4186-8cc3-c9694bdc5a7e,fdba775c-5198-457c-87b3-6b6eb717b63b,"#N/A","#N/A","#N/A",EMEA Case,false,"#N/A",Medium,User didn't attend training,Approved,Some fields not populating in Excel template,"#N/A","#N/A","#N/A",Problem,"#N/A"
6bf0608d-3fa8-4a64-a591-8ec9c94e13e4,8475028c-d658-44b8-a332-12d19e73251d,"#N/A","#N/A","#N/A",Is it possible to make our widgets waterproof?,false,"#N/A",Low,New problem,Closed,Widgets aren't waterproof,"#N/A","#N/A","#N/A",Feature Request,"#N/A"
6cafc9c1-1b4b-4ec9-a60a-9f3ce864898e,0cddba4b-f56d-404c-9b69-ea9d76c228d5,"#N/A","#N/A","#N/A",I'd like to block access to company analytics for certain users of the Inventory Management Suite.,false,"#N/A",Medium,Instructions not clear,Approved,How do we restrict access to company analytics?,"#N/A","#N/A","#N/A",Feature Request,"#N/A"
6ce662d1-597f-485c-9898-f0cdd2efe86a,f53dd71f-5fe0-43c1-aa9e-8c2ea75bdd5f,"#N/A","#N/A","#N/A",User Needs Help,false,"#N/A",Medium,Existing problem,New,Full Trial Requested,"#N/A","#N/A","#N/A",Problem,"#N/A"
6d77785b-9089-450d-94b8-54adc5900ff7,7ee4888e-0bbd-41df-b60e-954771f18f05,"#N/A","#N/A","#N/A",When I upgraded to the newest version some of my integrations broke,false,"#N/A",High,New problem,New,Newest update cause an error,"#N/A","#N/A","#N/A",Problem,"#N/A"
6eadcb58-3006-4f59-80f5-9bf45c813c20,458c89aa-9125-4803-ab3f-175ac6d139aa,"#N/A","#N/A","#N/A",I was wondering if It is possible to o delete my profiles and start from scratch?,false,"#N/A",Medium,User didn't attend training,Rejected,Can I delete all my profiles?,"#N/A","#N/A","#N/A",Question,"#N/A"
6eb62463-c0d2-4429-b297-9ef348de366c,2d4d76af-765a-4aaf-8cd1-01a44d8aa23c,"#N/A","#N/A","#N/A",When I upgraded to the newest version some of my integrations broke,false,"#N/A",High,New problem,Closed,Newest update cause an error,"#N/A","#N/A","#N/A",Problem,"#N/A"
6ebbb9e9-6687-41ec-a33d-5eec4c3e48cd,359dec9b-63ba-4241-b0eb-8c3a4373485e,"#N/A","#N/A","#N/A",When I upgraded to the newest version some of my integrations broke,false,"#N/A",High,New problem,Pending Approval,Newest update cause an error,"#N/A","#N/A","#N/A",Problem,"#N/A"
6ef0bdb3-4803-420b-b30d-bf1f589c2ae9,bc96ecd1-30e9-4a18-87ae-e6fe07e4005b,"#N/A","#N/A","#N/A",I'd like to block access to company analytics for certain users of the Inventory Management Suite.,false,"#N/A",Medium,Instructions not clear,Pending Approval,How do we restrict access?,"#N/A","#N/A","#N/A",Feature Request,"#N/A"
6f0b7976-17a4-4853-9fa9-86436ebb0102,e593c870-285e-4a97-8fe0-fcad10964493,"#N/A","#N/A","#N/A",After we received your new waterproof widgets we noticed they didn't float. What gives?,false,"#N/A",Low,New problem,Pending Approval,Waterproof Widgets donâ€™t float,"#N/A","#N/A","#N/A",Feature Request,"#N/A"
6f15fd11-466e-418d-8e42-42fa267e4c93,b43055e6-1ac6-448f-90e3-48502cec280e,"#N/A","#N/A","#N/A",I have forgotten my login. Please send me new credentials.,false,"#N/A",Medium,Instructions not clear,On Hold,Login credentials,"#N/A","#N/A","#N/A",Feature Request,"#N/A"
6f42eea2-464c-454b-bcb2-589d35bb3c8c,28c15f19-fede-4f8e-ac2a-89a67cd5dc77,"#N/A","#N/A","#N/A",My company makes and app. Can we integrate it with your products?,false,"#N/A",Medium,Complex Functionallity,Approved,Third Party Integrations,"#N/A","#N/A","#N/A",Feature Request,"#N/A"
6fdfe834-1bb2-4c4a-9e16-b14e91c0e09c,1d27199c-43f8-4b93-af67-b21437b7d128,"#N/A","#N/A","#N/A",I'd like to block access to company analytics for certain users of the Inventory Management Suite.,false,"#N/A",Medium,Instructions not clear,New,How do we restrict access?,"#N/A","#N/A","#N/A",Feature Request,"#N/A"
70275996-df5a-498c-aef9-3a625401b93c,6c609288-f18f-4b98-a344-23c74f8684a5,"#N/A","#N/A","#N/A",I was wondering if It is possible to o delete my profiles and start from scratch?,false,"#N/A",Medium,User didn't attend training,Escalated,Can I delete all my profiles?,"#N/A","#N/A","#N/A",Question,"#N/A"
728cb6b7-3b52-4c37-b131-66298cf93923,548caa2b-db54-4aed-823f-f1cd4369d06b,"#N/A","#N/A","#N/A",I'd like to block access to company analytics for certain users of the Inventory Management Suite.,false,"#N/A",Medium,Instructions not clear,Pending Approval,How do we restrict access?,"#N/A","#N/A","#N/A",Feature Request,"#N/A"
7398801d-45a9-473e-8285-6b92f9d21950,754df6d5-f6fa-4020-ad29-9039de3d1b35,"#N/A","#N/A","#N/A",After we received your new waterproof widgets we noticed they didn't float. What gives?,false,"#N/A",Low,New problem,On Hold,Waterproof Widgets donâ€™t float,"#N/A","#N/A","#N/A",Feature Request,"#N/A"
73b7bbaf-a366-4129-810d-84e1458a99c2,115d628a-bc88-4073-8140-121dab9a557a,"#N/A","#N/A","#N/A",I'd like to block access to company analytics for certain users of the Inventory Management Suite.,false,"#N/A",Medium,Instructions not clear,Closed,How do we restrict access?,"#N/A","#N/A","#N/A",Feature Request,"#N/A"
7400b51b-187b-4035-b766-9eab802707f4,51fb87a5-3ed0-4fc6-b1fc-2904742c569f,"#N/A","#N/A","#N/A",I'm having trouble using the xyz widget....,false,"#N/A",High,Instructions not clear,Pending Approval,Trouble using the xyz widget,"#N/A","#N/A","#N/A",Feature Request,"#N/A"
742c5928-8015-45ba-877f-1401cf4dbcf5,2a04d464-6196-45fd-b48b-a30e991e74e2,"#N/A","#N/A","#N/A",My company makes and app. Can we integrate it with your products?,false,"#N/A",Medium,Complex Functionallity,Escalated,Third Party Integrations,"#N/A","#N/A","#N/A",Feature Request,"#N/A"
76554d07-db40-4ad5-9e2e-9d35eee0129d,fdba775c-5198-457c-87b3-6b6eb717b63b,"#N/A","#N/A","#N/A",When I upgraded to the newest version some of my integrations broke,false,"#N/A",High,New problem,Rejected,Newest update cause an error,"#N/A","#N/A","#N/A",Problem,"#N/A"
76ab619b-eaf8-4f0a-a0e4-6219fce878e3,056af985-3ea0-493f-8314-94e03973d8ad,"#N/A","#N/A","#N/A",When I upgraded to the newest version some of my integrations broke,false,"#N/A",High,New problem,Rejected,Newest update cause an error,"#N/A","#N/A","#N/A",Problem,"#N/A"
76c9fd09-01c7-472c-a20a-7e70ab713825,011838f2-005f-41f1-b297-f0d3c142f662,"#N/A","#N/A","#N/A",My company makes and app. Can we integrate it with your products?,false,"#N/A",Medium,Complex Functionallity,Approved,Third Party Integrations,"#N/A","#N/A","#N/A",Feature Request,"#N/A"
775516a0-7c1b-4d19-8fd6-bd414b551739,64759528-6066-4534-81e8-28ea0598d1d6,"#N/A","#N/A","#N/A",My company makes and app. Can we integrate it with your products?,false,"#N/A",Medium,Complex Functionallity,Rejected,Third Party Integrations,"#N/A","#N/A","#N/A",Feature Request,"#N/A"
77f417cf-0d84-4d17-a2f3-249efffe8811,f39cbbb5-93af-4abd-9c7a-5e413fe64bca,"#N/A","#N/A","#N/A",I was wondering if It is possible to o delete my profiles and start from scratch?,false,"#N/A",Medium,User didn't attend training,Closed,Can I delete all my profiles?,"#N/A","#N/A","#N/A",Question,"#N/A"
77f98f8a-75f8-47a3-a35e-83f6d01cd5d0,91b88d2b-9234-41d2-b25c-1a8a60f2ecfd,"#N/A","#N/A","#N/A",I'm having trouble using the xyz widget....,false,"#N/A",High,Instructions not clear,New,Trouble using the xyz widget,"#N/A","#N/A","#N/A",Feature Request,"#N/A"
786eeff0-8de7-4269-a7ec-1f5dad0a313f,1d27199c-43f8-4b93-af67-b21437b7d128,"#N/A","#N/A","#N/A",After we received your new waterproof widgets we noticed they didn't float. What gives?,false,"#N/A",Low,New problem,Closed,Waterproof Widgets donâ€™t float,"#N/A","#N/A","#N/A",Feature Request,"#N/A"
787efde4-6cc3-40d7-bfc6-681a918c7d58,ebacbdf1-dd2e-476a-98c1-10cba9c71d0f,"#N/A","#N/A","#N/A",I'd like to block access to company analytics for certain users of the Inventory Management Suite.,false,"#N/A",Medium,Instructions not clear,Pending Approval,How do we restrict access?,"#N/A","#N/A","#N/A",Feature Request,"#N/A"
7963e1e0-e2ce-43b5-bfaa-2cab7d1d8653,c4c03171-563c-47b5-981b-f0ceac1a1c64,"#N/A","#N/A","#N/A",I was wondering if It is possible to o delete my profiles and start from scratch?,false,"#N/A",Medium,User didn't attend training,Approved,Can I delete all my profiles?,"#N/A","#N/A","#N/A",Question,"#N/A"
7a2b5224-1965-4070-bea7-282f9cd28dd9,be653a0e-33a7-4171-9348-bdccedc8abe4,"#N/A","#N/A","#N/A",After we received your new waterproof widgets we noticed they didn't float. What gives?,false,"#N/A",Low,New problem,New,Waterproof Widgets donâ€™t float,"#N/A","#N/A","#N/A",Feature Request,"#N/A"
7a5934a0-9f18-4f7f-b8b5-5d2ef350520c,d7a168e9-4115-4b58-8d32-eeb74e600ea6,"#N/A","#N/A","#N/A",After we received your new waterproof widgets we noticed they didn't float. What gives?,false,"#N/A",Low,New problem,New,Waterproof Widgets donâ€™t float,"#N/A","#N/A","#N/A",Feature Request,"#N/A"
7c83bbe6-2b84-4269-8f5c-238751f637e9,4327b454-a73e-4a41-9020-7fd4bbcf35dc,"#N/A","#N/A","#N/A",My company makes and app. Can we integrate it with your products?,false,"#N/A",Medium,Complex Functionallity,New,Third Party Integrations,"#N/A","#N/A","#N/A",Feature Request,"#N/A"
7d0694d5-5132-4837-8e1b-1190c35b9277,c2e0e44a-c0d2-44d9-9c7a-03c276976a41,"#N/A","#N/A","#N/A",I'm having trouble using the xyz widget....,false,"#N/A",High,Instructions not clear,Rejected,Trouble using the xyz widget,"#N/A","#N/A","#N/A",Feature Request,"#N/A"
7e12436b-53cc-4ba7-b7d8-d8030118eec6,a1bd970e-b93f-4201-a375-a4de321e1e9c,"#N/A","#N/A","#N/A",I'm having trouble using the xyz widget....,false,"#N/A",High,Instructions not clear,New,Trouble using the xyz widget,"#N/A","#N/A","#N/A",Feature Request,"#N/A"
7e47443b-4440-4fee-a150-2651cac390f0,86c7ed9d-8279-46c6-8d3b-09c73c52d03d,"#N/A","#N/A","#N/A",Is it possible to make our widgets waterproof?,false,"#N/A",Low,New problem,Closed,Widgets aren't waterproof,"#N/A","#N/A","#N/A",Feature Request,"#N/A"
7e961d68-e658-4e14-88eb-e393ff5bf279,0cddba4b-f56d-404c-9b69-ea9d76c228d5,"#N/A","#N/A","#N/A",Is it possible to make our widgets waterproof?,false,"#N/A",Low,New problem,Closed,Widgets aren't waterproof,"#N/A","#N/A","#N/A",Feature Request,"#N/A"
7eae086e-38b2-4179-ac85-6c950c9178d6,842ff503-bda8-4d09-a5a6-e4e27d615042,"#N/A","#N/A","#N/A",After we received your new waterproof widgets we noticed they didn't float. What gives?,false,"#N/A",Low,New problem,Closed,Waterproof Widgets donâ€™t float,"#N/A","#N/A","#N/A",Feature Request,"#N/A"
7fba1ce6-d058-47a3-819a-555c1b35f38d,a132ad76-eb78-4e08-acf0-64375c0562f6,"#N/A","#N/A","#N/A",I'm having trouble using the xyz widget....,false,"#N/A",High,Instructions not clear,Approved,Trouble using the xyz widget,"#N/A","#N/A","#N/A",Feature Request,"#N/A"
7fdf810d-fe86-45bb-9553-589a2b6e1f1e,4b279500-e0f3-4762-a131-998657be4511,"#N/A","#N/A","#N/A",When I upgraded to the newest version some of my integrations broke,false,"#N/A",High,New problem,Approved,Newest update cause an error,"#N/A","#N/A","#N/A",Problem,"#N/A"
80a083da-23db-4061-b6ef-be55ecb96970,be8f6c38-d39f-44bd-80c9-51994c11d160,"#N/A","#N/A","#N/A",My company makes and app. Can we integrate it with your products?,false,"#N/A",Medium,Complex Functionallity,On Hold,Third Party Integrations,"#N/A","#N/A","#N/A",Feature Request,"#N/A"
810230ff-b143-4a9a-8f9e-5c563fa6a757,6c609288-f18f-4b98-a344-23c74f8684a5,"#N/A","#N/A","#N/A",I was wondering if It is possible to o delete my profiles and start from scratch?,false,"#N/A",Medium,User didn't attend training,Approved,Can I delete all my profiles?,"#N/A","#N/A","#N/A",Question,"#N/A"
829e0274-8471-4317-afc7-6b8c3e36d478,91b88d2b-9234-41d2-b25c-1a8a60f2ecfd,"#N/A","#N/A","#N/A",My company makes and app. Can we integrate it with your products?,false,"#N/A",Medium,Complex Functionallity,On Hold,Third Party Integrations,"#N/A","#N/A","#N/A",Feature Request,"#N/A"
82b7c387-c8d4-4c0f-af2e-9dbceff343d1,e3ccdaae-ce5a-4406-b367-96630de046af,"#N/A","#N/A","#N/A",After we received your new waterproof widgets we noticed they didn't float. What gives?,false,"#N/A",Low,New problem,On Hold,Waterproof Widgets donâ€™t float,"#N/A","#N/A","#N/A",Feature Request,"#N/A"
83272f02-c37d-423b-81d7-9690d2d0b56f,97844bb5-f3f3-4156-a5b3-152ee86a2346,"#N/A","#N/A","#N/A",User Needs Help,false,"#N/A",Medium,Existing problem,New,SL has expired ==> URGENT,"#N/A","#N/A","#N/A",Problem,"#N/A"
85bc6b1b-b29c-4539-bdfd-7a1d703d3056,e9b4f7fe-5ec6-4c60-bd26-1666cd5087f0,"#N/A","#N/A","#N/A",I have forgotten my login. Please send me new credentials.,false,"#N/A",Medium,Instructions not clear,On Hold,Login credentials,"#N/A","#N/A","#N/A",Feature Request,"#N/A"
85c93bee-ef1d-4b99-b4de-38d4e8c7f786,f67f7476-dda7-45c6-8063-0b52cb233562,"#N/A","#N/A","#N/A",I was wondering if It is possible to o delete my profiles and start from scratch?,false,"#N/A",Medium,User didn't attend training,On Hold,Can I delete all my profiles?,"#N/A","#N/A","#N/A",Question,"#N/A"
85f38c8c-8b93-4922-ba6b-7f8586f5d703,1d27199c-43f8-4b93-af67-b21437b7d128,"#N/A","#N/A","#N/A",Could you please send us the new installation guide for the Inventory Management Suite?,false,"#N/A",Medium,New problem,Escalated,Updated installation guide for Inventory Management Suite,"#N/A","#N/A","#N/A",Question,"#N/A"
87aed198-2b27-4bf0-9342-577d60d2baf9,5c882316-eced-4951-886b-5470b86c0162,"#N/A","#N/A","#N/A",I have forgotten my login. Please send me new credentials.,false,"#N/A",Medium,Instructions not clear,Rejected,Login credentials,"#N/A","#N/A","#N/A",Feature Request,"#N/A"
88148e89-6fa3-44c2-98af-efb1f652e589,e9b4f7fe-5ec6-4c60-bd26-1666cd5087f0,"#N/A","#N/A","#N/A",User Needs Help,false,"#N/A",Medium,Existing problem,New,Demo License,"#N/A","#N/A","#N/A",Problem,"#N/A"
8a7d84df-5ad1-4ac4-b6e6-3e1f3663a938,45328078-21dc-4bd3-8455-76e2de5becec,"#N/A","#N/A","#N/A",I'm having trouble using the xyz widget....,false,"#N/A",High,Instructions not clear,Approved,Trouble using the xyz widget,"#N/A","#N/A","#N/A",Feature Request,"#N/A"
8ace9925-359f-42fc-8a3a-07bc2d23bd8a,a5f9badc-dc80-4749-a8b2-ff95f61f7376,"#N/A","#N/A","#N/A",I was wondering if It is possible to o delete my profiles and start from scratch?,false,"#N/A",Medium,User didn't attend training,New,Can I delete all my profiles?,"#N/A","#N/A","#N/A",Question,"#N/A"
8be0738a-b131-4da8-9133-649dc2a9b418,60b42748-6bbd-4282-9e86-51d403fe4a36,"#N/A","#N/A","#N/A",I have forgotten my login. Please send me new credentials.,false,"#N/A",Medium,Instructions not clear,Pending Approval,Login credentials,"#N/A","#N/A","#N/A",Feature Request,"#N/A"
8c125cef-5139-4e25-b000-4786a8f7294d,a1bd970e-b93f-4201-a375-a4de321e1e9c,"#N/A","#N/A","#N/A",I was wondering if It is possible to o delete my profiles and start from scratch?,false,"#N/A",Medium,User didn't attend training,Escalated,Can I delete all my profiles?,"#N/A","#N/A","#N/A",Question,"#N/A"
8d673f37-f44f-4f26-a2e6-1e31225b5c8a,c4c03171-563c-47b5-981b-f0ceac1a1c64,"#N/A","#N/A","#N/A",I have forgotten my login. Please send me new credentials.,false,"#N/A",Medium,Instructions not clear,Rejected,Login credentials,"#N/A","#N/A","#N/A",Feature Request,"#N/A"
8d9abd0b-c26b-464a-b842-c19b7ee41d07,66fe0639-3310-405d-a9cd-3f381af2ddd4,"#N/A","#N/A","#N/A",I'd like to block access to company analytics for certain users of the Inventory Management Suite.,false,"#N/A",Medium,Instructions not clear,Escalated,How do we restrict access?,"#N/A","#N/A","#N/A",Feature Request,"#N/A"
8db3311f-94fa-45d7-b5fd-7c98587b628e,97844bb5-f3f3-4156-a5b3-152ee86a2346,"#N/A","#N/A","#N/A",My company makes and app. Can we integrate it with your products?,false,"#N/A",Medium,Complex Functionallity,Closed,Third Party Integrations,"#N/A","#N/A","#N/A",Feature Request,"#N/A"
8fc515d9-e93a-49e5-8d4c-94dcb11970fc,f7f5f2a0-cf68-40aa-9723-7be4c947c0c7,"#N/A","#N/A","#N/A",I have forgotten my login. Please send me new credentials.,false,"#N/A",Medium,Instructions not clear,Closed,Login credentials,"#N/A","#N/A","#N/A",Feature Request,"#N/A"
8feff18e-2f42-4d0c-8f3f-fd9409d696d4,1373b2a7-9c6b-403b-8439-99127ef84ce2,"#N/A","#N/A","#N/A",My company makes and app. Can we integrate it with your products?,false,"#N/A",Medium,Complex Functionallity,Pending Approval,Third Party Integrations,"#N/A","#N/A","#N/A",Feature Request,"#N/A"
90afcf73-1a5e-4610-a7db-d8325d4cf0e1,115d628a-bc88-4073-8140-121dab9a557a,"#N/A","#N/A","#N/A",Is it possible to make our widgets waterproof?,false,"#N/A",Low,New problem,Closed,Widgets aren't waterproof,"#N/A","#N/A","#N/A",Feature Request,"#N/A"
90b72e0e-e789-4f8b-9fd9-213f8b0f2fc1,cced7470-96ee-4fb1-b521-c1ed592a2f80,"#N/A","#N/A","#N/A",I have forgotten my login. Please send me new credentials.,false,"#N/A",Medium,Instructions not clear,Closed,Login credentials,"#N/A","#N/A","#N/A",Feature Request,"#N/A"
910bc187-eaa0-4758-836e-27e8023ed777,22812aae-dec5-41ff-ada6-2edf8cc5fceb,"#N/A","#N/A","#N/A",When I upgraded to the newest version some of my integrations broke,false,"#N/A",High,New problem,Closed,Newest update cause an error,"#N/A","#N/A","#N/A",Problem,"#N/A"
91b859c9-a586-4706-a3d3-1d989769c346,"#N/A",Revenue Cloud,"#N/A","#N/A",Promotional pricing is incorrect.,false,"#N/A",High,"#N/A",Approved,Incorrect pricing,"#N/A","#N/A","#N/A",Change Request,Data
91d8d7d1-d566-4304-a1f1-652f4e8ba169,babff40e-963e-4f98-aa44-9dbfaf4fa481,"#N/A","#N/A","#N/A",Is it possible to make our widgets waterproof?,false,"#N/A",Low,New problem,Rejected,Widgets aren't waterproof,"#N/A","#N/A","#N/A",Feature Request,"#N/A"
924a1f58-8660-4e17-9ddf-1c13ff7d89fc,7dd49297-ef2d-43ee-bc88-595ac728af2e,"#N/A","#N/A","#N/A",I have forgotten my login. Please send me new credentials.,false,"#N/A",Medium,Instructions not clear,Closed,Login credentials,"#N/A","#N/A","#N/A",Feature Request,"#N/A"
932c03d6-2a5d-4d07-9ebd-d8f7088ede7a,0c51bb88-68d3-4502-b148-57f094b3ee82,"#N/A","#N/A","#N/A",Is it possible to make our widgets waterproof?,false,"#N/A",Low,New problem,On Hold,Widgets aren't waterproof,"#N/A","#N/A","#N/A",Feature Request,"#N/A"
94fab361-b761-48ed-97c3-a5fa650753cc,fe5971c5-e533-48ae-b72a-a5610952187e,"#N/A","#N/A","#N/A",My company makes and app. Can we integrate it with your products?,false,"#N/A",Medium,Complex Functionallity,New,Third Party Integrations,"#N/A","#N/A","#N/A",Feature Request,"#N/A"
950d55c7-ee4d-4c07-a6da-47101ee413ef,a1bd970e-b93f-4201-a375-a4de321e1e9c,"#N/A","#N/A","#N/A",I have forgotten my login. Please send me new credentials.,false,"#N/A",Medium,Instructions not clear,Closed,Login credentials,"#N/A","#N/A","#N/A",Feature Request,"#N/A"
953f65ea-9d49-420c-8e5d-28922f24b9b0,fc82c859-6f09-4c66-9751-b7b01476fc1d,"#N/A","#N/A","#N/A",I was wondering if It is possible to o delete my profiles and start from scratch?,false,"#N/A",Medium,User didn't attend training,Closed,Can I delete all my profiles?,"#N/A","#N/A","#N/A",Question,"#N/A"
96ae23e3-1c73-418a-a265-e4f514464b7e,27608267-6b4d-4c43-8250-170a91a1aacf,"#N/A","#N/A","#N/A",My company makes and app. Can we integrate it with your products?,false,"#N/A",Medium,Complex Functionallity,Closed,Third Party Integrations,"#N/A","#N/A","#N/A",Feature Request,"#N/A"
970ad53e-aa98-4d5e-8eab-c431cb749c44,0c51bb88-68d3-4502-b148-57f094b3ee82,"#N/A","#N/A","#N/A",After we received your new waterproof widgets we noticed they didn't float. What gives?,false,"#N/A",Low,New problem,Approved,Waterproof Widgets donâ€™t float,"#N/A","#N/A","#N/A",Feature Request,"#N/A"
9822e065-22c9-4693-bb71-f877f6b6432c,a30be0a9-e2da-493e-92a3-af664fc5bfad,"#N/A","#N/A","#N/A",Is it possible to make our widgets waterproof?,false,"#N/A",Low,New problem,Escalated,Widgets aren't waterproof,"#N/A","#N/A","#N/A",Feature Request,"#N/A"
98abd54c-42b0-4353-86cc-d87d15f099be,ba90dfa4-a600-4e0c-aa88-abc4a157f4ef,"#N/A","#N/A","#N/A",I'd like to block access to company analytics for certain users of the Inventory Management Suite.,false,"#N/A",Medium,Instructions not clear,On Hold,How do we restrict access?,"#N/A","#N/A","#N/A",Feature Request,"#N/A"
9a90fa6d-dfb9-4b97-9929-7c1fcccd9a15,4e1d3969-5780-49f6-9532-e5828c8c7c99,"#N/A","#N/A","#N/A",I was wondering if It is possible to o delete my profiles and start from scratch?,false,"#N/A",Medium,User didn't attend training,New,Can I delete all my profiles?,"#N/A","#N/A","#N/A",Question,"#N/A"
9acf5e89-f692-4052-b0e6-f1923ab70221,9d2b8ccf-1e61-4b2d-ac58-04c8afd53654,"#N/A","#N/A","#N/A",I have forgotten my login. Please send me new credentials.,false,"#N/A",Medium,Instructions not clear,New,Login credentials,"#N/A","#N/A","#N/A",Feature Request,"#N/A"
9c10372a-863b-4ab7-b922-431f1e71aba1,f7f5f2a0-cf68-40aa-9723-7be4c947c0c7,"#N/A","#N/A","#N/A",I'd like to block access to company analytics for certain users of the Inventory Management Suite.,false,"#N/A",Medium,Instructions not clear,Closed,How do we restrict access?,"#N/A","#N/A","#N/A",Feature Request,"#N/A"
9d6f546d-9660-4377-bf1c-08bb564a4792,17cb8d8a-7c4b-49db-a993-e92bb30e5338,"#N/A","#N/A","#N/A",I'd like to block access to company analytics for certain users of the Inventory Management Suite.,false,"#N/A",Medium,Instructions not clear,Rejected,How do we restrict access?,"#N/A","#N/A","#N/A",Feature Request,"#N/A"
9f90e3a7-9b39-4043-98f5-d004c047e51f,86c7ed9d-8279-46c6-8d3b-09c73c52d03d,"#N/A","#N/A","#N/A",I was wondering if It is possible to o delete my profiles and start from scratch?,false,"#N/A",Medium,User didn't attend training,On Hold,Can I delete all my profiles?,"#N/A","#N/A","#N/A",Question,"#N/A"
a09d4410-1943-4cae-b762-d868ead58243,be653a0e-33a7-4171-9348-bdccedc8abe4,"#N/A","#N/A","#N/A",After we received your new waterproof widgets we noticed they didn't float. What gives?,false,"#N/A",Low,New problem,New,Waterproof Widgets donâ€™t float,"#N/A","#N/A","#N/A",Feature Request,"#N/A"
a102d54f-7484-45fd-b8be-3723683828f6,056af985-3ea0-493f-8314-94e03973d8ad,"#N/A","#N/A","#N/A",Is it possible to make our widgets waterproof?,false,"#N/A",Low,New problem,Closed,Widgets aren't waterproof,"#N/A","#N/A","#N/A",Feature Request,"#N/A"
a1c8162a-2926-4efe-ab76-ebe3027d331a,fd618262-2a79-4aa2-ad79-2c7421955aa8,"#N/A","#N/A","#N/A",My company makes and app. Can we integrate it with your products?,false,"#N/A",Medium,Complex Functionallity,New,Third Party Integrations,"#N/A","#N/A","#N/A",Feature Request,"#N/A"
a1d09579-4537-412f-986b-3a837fb9b00b,60b42748-6bbd-4282-9e86-51d403fe4a36,"#N/A","#N/A","#N/A",I'd like to block access to company analytics for certain users of the Inventory Management Suite.,false,"#N/A",Medium,Instructions not clear,New,How do we restrict access?,"#N/A","#N/A","#N/A",Feature Request,"#N/A"
a2dc3afe-9216-4c3e-8526-a70dc791e18d,7c0cb5ad-288f-4a29-81ea-f15ea4a0eb59,"#N/A","#N/A","#N/A",When I upgraded to the newest version some of my integrations broke,false,"#N/A",High,New problem,Approved,Newest update cause an error,"#N/A","#N/A","#N/A",Problem,"#N/A"
a46d463a-52b3-45df-aaf4-0e9898b4a0e5,1552ad21-323e-4331-be22-fdfa8302938b,"#N/A","#N/A","#N/A",When I upgraded to the newest version some of my integrations broke,false,"#N/A",High,New problem,On Hold,Newest update cause an error,"#N/A","#N/A","#N/A",Problem,"#N/A"
a4c5e7bf-a8ef-49d1-a386-b822d7aa0ae7,bb0753fb-f2f8-4c5d-9c42-7410be1b6b8d,"#N/A","#N/A","#N/A",My company makes and app. Can we integrate it with your products?,false,"#N/A",Medium,Complex Functionallity,New,Third Party Integrations,"#N/A","#N/A","#N/A",Feature Request,"#N/A"
a504175b-f2db-4882-9615-5a7ab4563dea,e593c870-285e-4a97-8fe0-fcad10964493,"#N/A","#N/A","#N/A",I'm having trouble using the xyz widget....,false,"#N/A",High,Instructions not clear,Closed,Trouble using the xyz widget,"#N/A","#N/A","#N/A",Feature Request,"#N/A"
a5aa8214-6901-4815-80c1-eb5efe292137,bc96ecd1-30e9-4a18-87ae-e6fe07e4005b,"#N/A","#N/A","#N/A",EMEA Case,false,"#N/A",Medium,Instructions not clear,Approved,Can we add multiple users at once?,"#N/A","#N/A","#N/A",Question,"#N/A"
a714ea58-f683-434a-94e3-ac7f5978af7a,5fba70db-d1b2-4c21-a5dd-e30a42a03cc5,"#N/A","#N/A","#N/A",I have forgotten my login. Please send me new credentials.,false,"#N/A",Medium,Instructions not clear,Pending Approval,Login credentials,"#N/A","#N/A","#N/A",Feature Request,"#N/A"
a7265ca7-0611-4325-b379-fddaef0cf2d4,c076628f-2c53-4eed-81d6-6055858b4890,"#N/A","#N/A","#N/A",User Needs Help,false,"#N/A",Medium,User didn't attend training,Escalated,Assistance with Template Manager,"#N/A","#N/A","#N/A",Question,"#N/A"
a7661f1e-f783-4e2c-b830-779576289c9a,912e00ad-2971-4d48-bde1-fefbe66d44a7,"#N/A","#N/A","#N/A",After we received your new waterproof widgets we noticed they didn't float. What gives?,false,"#N/A",Low,New problem,Escalated,Waterproof Widgets donâ€™t float,"#N/A","#N/A","#N/A",Feature Request,"#N/A"
a82773c7-83a4-4df6-b95e-cb243875163e,7ca04768-5580-454f-9cb0-ab5fed05a73f,"#N/A","#N/A","#N/A",After we received your new waterproof widgets we noticed they didn't float. What gives?,false,"#N/A",Low,New problem,Approved,Waterproof Widgets donâ€™t float,"#N/A","#N/A","#N/A",Feature Request,"#N/A"
a9072667-49b3-4dcf-b5f7-989acdba5f86,f39cbbb5-93af-4abd-9c7a-5e413fe64bca,"#N/A","#N/A","#N/A",My company makes and app. Can we integrate it with your products?,false,"#N/A",Medium,Complex Functionallity,Approved,Third Party Integrations,"#N/A","#N/A","#N/A",Feature Request,"#N/A"
a95906b7-0050-4d61-b2ec-b8899202f73b,a30be0a9-e2da-493e-92a3-af664fc5bfad,"#N/A","#N/A","#N/A",I was wondering if It is possible to o delete my profiles and start from scratch?,false,"#N/A",Medium,User didn't attend training,New,Can I delete all my profiles?,"#N/A","#N/A","#N/A",Question,"#N/A"
a9c99e0a-d519-4b6b-8352-4e096463982b,262b3cbd-a45c-4c96-876c-3e5c16cef0c8,"#N/A","#N/A","#N/A",My company makes and app. Can we integrate it with your products?,false,"#N/A",Medium,Complex Functionallity,Escalated,Third Party Integrations,"#N/A","#N/A","#N/A",Feature Request,"#N/A"
aa362ba0-f0c1-43d6-9481-126823f46ea6,7dd49297-ef2d-43ee-bc88-595ac728af2e,"#N/A","#N/A","#N/A",I'd like to block access to company analytics for certain users of the Inventory Management Suite.,false,"#N/A",Medium,Instructions not clear,Escalated,How do we restrict access?,"#N/A","#N/A","#N/A",Feature Request,"#N/A"
aabdeb9c-4f6b-4583-962a-334fb2ada9f9,a4ebde23-7098-4ea3-84ec-7ebe4f1fb794,"#N/A","#N/A","#N/A",My company makes and app. Can we integrate it with your products?,false,"#N/A",Medium,Complex Functionallity,Pending Approval,Third Party Integrations,"#N/A","#N/A","#N/A",Feature Request,"#N/A"
acdf832e-c84f-454d-989d-5e317fcabe2b,be653a0e-33a7-4171-9348-bdccedc8abe4,"#N/A","#N/A","#N/A",After we received your new waterproof widgets we noticed they didn't float. What gives?,false,"#N/A",Low,New problem,Approved,Waterproof Widgets donâ€™t float,"#N/A","#N/A","#N/A",Feature Request,"#N/A"
ad1f9842-fe5e-40f8-aefb-01520f673eee,"#N/A",Sales Cloud,"#N/A","#N/A",Can't close the Opportunity because the Quarter Date in Custom Setting is incorrect.,false,"#N/A",Medium,"#N/A",Approved,Validation Error on Opportunity,"#N/A","#N/A","#N/A",Change Request,Data
ad47827e-e24b-4e02-b2be-4995540f2222,88c9e778-7673-4aaf-8f4b-a62063d0fea9,"#N/A","#N/A","#N/A",I was wondering if It is possible to o delete my profiles and start from scratch?,false,"#N/A",Medium,User didn't attend training,Escalated,Can I delete all my profiles?,"#N/A","#N/A","#N/A",Question,"#N/A"
adccc5e6-7c6b-41bc-93eb-df43e36179d3,86c7ed9d-8279-46c6-8d3b-09c73c52d03d,"#N/A","#N/A","#N/A",My company makes and app. Can we integrate it with your products?,false,"#N/A",Medium,Complex Functionallity,Closed,Third Party Integrations,"#N/A","#N/A","#N/A",Feature Request,"#N/A"
ae615bb0-68f0-426b-8c12-4a88a6895eca,1d0a015b-a34e-4bd5-9e60-0f815f02218f,"#N/A","#N/A","#N/A",I have forgotten my login. Please send me new credentials.,false,"#N/A",Medium,Instructions not clear,Pending Approval,Login credentials,"#N/A","#N/A","#N/A",Feature Request,"#N/A"
ae8a5778-5c37-4252-acb8-241c66ec5516,a1c17ba1-e231-4839-b79f-4e7ba826c66a,Service Cloud,"#N/A","#N/A",Solve all of my problems. What a great feature request!,false,"#N/A",Medium,New problem,Closed,I really think the program should do this!,"#N/A","#N/A","#N/A",Feature Request,"#N/A"
aebf1fe7-c4ff-4db2-8552-8082a77f09f9,babff40e-963e-4f98-aa44-9dbfaf4fa481,"#N/A","#N/A","#N/A",I was wondering if It is possible to o delete my profiles and start from scratch?,false,"#N/A",Medium,User didn't attend training,Escalated,Can I delete all my profiles?,"#N/A","#N/A","#N/A",Question,"#N/A"
af2c2642-cac2-424f-bc16-c7042458d8c8,bc96ecd1-30e9-4a18-87ae-e6fe07e4005b,"#N/A","#N/A","#N/A",After we received your new waterproof widgets we noticed they didn't float. What gives?,false,"#N/A",Low,New problem,Closed,Waterproof Widgets donâ€™t float,"#N/A","#N/A","#N/A",Feature Request,"#N/A"
b28530e3-acf7-4294-9064-393ca8367d7a,58ff2d98-8d8b-4f10-8de4-924fe1112fce,"#N/A","#N/A","#N/A",After we received your new waterproof widgets we noticed they didn't float. What gives?,false,"#N/A",Low,New problem,On Hold,Waterproof Widgets donâ€™t float,"#N/A","#N/A","#N/A",Feature Request,"#N/A"
b2efb771-5a77-45f1-820d-9b33e8b69ada,f7f5f2a0-cf68-40aa-9723-7be4c947c0c7,"#N/A","#N/A","#N/A",After we received your new waterproof widgets we noticed they didn't float. What gives?,false,"#N/A",Low,New problem,Pending Approval,Waterproof Widgets donâ€™t float,"#N/A","#N/A","#N/A",Feature Request,"#N/A"
b2f886fc-c661-4d6d-baf7-d535be4f94d1,34789887-fc46-4023-8537-539b8172ebf3,"#N/A","#N/A","#N/A",I'd like to block access to company analytics for certain users of the Inventory Management Suite.,false,"#N/A",Medium,Instructions not clear,New,How do we restrict access?,"#N/A","#N/A","#N/A",Feature Request,"#N/A"
b39d7a64-ae40-4b92-b4e2-f3ecb91b0e75,28c15f19-fede-4f8e-ac2a-89a67cd5dc77,"#N/A","#N/A","#N/A",I was wondering if It is possible to o delete my profiles and start from scratch?,false,"#N/A",Medium,User didn't attend training,Rejected,Can I delete all my profiles?,"#N/A","#N/A","#N/A",Question,"#N/A"
b537197c-b6c4-4410-a7dd-2215fd53cbfe,f7f5f2a0-cf68-40aa-9723-7be4c947c0c7,"#N/A","#N/A","#N/A",I'd like to block access to company analytics for certain users of the Inventory Management Suite.,false,"#N/A",Medium,Instructions not clear,New,How do we restrict access?,"#N/A","#N/A","#N/A",Feature Request,"#N/A"
b5c2451d-df9d-4614-a4b3-15943e1f0bb2,e3ccdaae-ce5a-4406-b367-96630de046af,"#N/A","#N/A","#N/A",I'm having trouble using the xyz widget....,false,"#N/A",High,Instructions not clear,Pending Approval,Trouble using the xyz widget,"#N/A","#N/A","#N/A",Feature Request,"#N/A"
b6b31adb-9ac7-4a07-b09e-585a06db8cde,caca8371-05b0-4909-a704-dbb01aa89c7a,"#N/A","#N/A","#N/A",Is it possible to make our widgets waterproof?,false,"#N/A",Low,New problem,Approved,Widgets aren't waterproof,"#N/A","#N/A","#N/A",Feature Request,"#N/A"
b7689b5b-cd43-4893-b67a-f33634ad7c55,fd618262-2a79-4aa2-ad79-2c7421955aa8,"#N/A","#N/A","#N/A",I'd like to block access to company analytics for certain users of the Inventory Management Suite.,false,"#N/A",Medium,Instructions not clear,On Hold,How do we restrict access?,"#N/A","#N/A","#N/A",Feature Request,"#N/A"
b83445de-b056-414d-9ab3-6efc5f94c5a9,8919cf71-95c5-44ec-954c-ddb9476a73ef,"#N/A","#N/A","#N/A",User Needs Help,false,"#N/A",Medium,User didn't attend training,New,Initial setup overview,"#N/A","#N/A","#N/A",Question,"#N/A"
ba46e524-6b7a-47fb-89e3-ef024d8a5002,fc45ff13-4e68-4f49-a868-b4fe38ca4714,"#N/A","#N/A","#N/A",I'd like to block access to company analytics for certain users of the Inventory Management Suite.,false,"#N/A",Medium,Instructions not clear,Escalated,How do we restrict access?,"#N/A","#N/A","#N/A",Feature Request,"#N/A"
ba4d8aa3-a17e-441a-870b-cc9e85f0ebc0,5fba70db-d1b2-4c21-a5dd-e30a42a03cc5,"#N/A","#N/A","#N/A",After we received your new waterproof widgets we noticed they didn't float. What gives?,false,"#N/A",Low,New problem,Pending Approval,Waterproof Widgets donâ€™t float,"#N/A","#N/A","#N/A",Feature Request,"#N/A"
ba68bcd0-b816-4766-b21e-92676a6fef27,1d0a015b-a34e-4bd5-9e60-0f815f02218f,"#N/A","#N/A","#N/A",I'd like to block access to company analytics for certain users of the Inventory Management Suite.,false,"#N/A",Medium,Instructions not clear,Approved,How do we restrict access?,"#N/A","#N/A","#N/A",Feature Request,"#N/A"
ba84fae6-df2f-4096-b35d-91c94d330e5a,3b7e1bf0-8059-4203-aee0-b92ae3f34a58,"#N/A","#N/A","#N/A",I was wondering if It is possible to o delete my profiles and start from scratch?,false,"#N/A",Medium,User didn't attend training,Rejected,Can I delete all my profiles?,"#N/A","#N/A","#N/A",Question,"#N/A"
bad57310-3098-4bf3-abc7-75c902f19bd5,64759528-6066-4534-81e8-28ea0598d1d6,"#N/A","#N/A","#N/A",I have forgotten my login. Please send me new credentials.,false,"#N/A",Medium,Instructions not clear,Approved,Login credentials,"#N/A","#N/A","#N/A",Feature Request,"#N/A"
bb883866-eb5e-4670-88f0-b65bd578489a,fdba775c-5198-457c-87b3-6b6eb717b63b,"#N/A","#N/A","#N/A","#N/A",false,"#N/A",Medium,"#N/A",Pending Approval,Password Reset,"#N/A","#N/A","#N/A",Problem,"#N/A"
bc4a2267-da27-4fd5-8898-3c8b697efea0,4aafc60d-1477-4915-a5ef-2024a115139d,"#N/A","#N/A","#N/A",I'm having trouble using the xyz widget....,false,"#N/A",High,Instructions not clear,Escalated,Trouble using the xyz widget,"#N/A","#N/A","#N/A",Feature Request,"#N/A"
bc6141e7-a637-4d7e-8268-e87407c6d1c1,80bdf134-6f1d-4719-9541-f0591469fc47,"#N/A","#N/A","#N/A",User Needs Help,false,"#N/A",Medium,Existing problem,New,Increase number of licenses,"#N/A","#N/A","#N/A",Question,"#N/A"
bdc5b708-ecd2-411b-a98c-39fb59cb62c9,5aad4875-9a97-453c-be25-8a4cc0bdcc02,"#N/A","#N/A","#N/A",Is it possible to make our widgets waterproof?,false,"#N/A",Low,New problem,Pending Approval,Widgets aren't waterproof,"#N/A","#N/A","#N/A",Feature Request,"#N/A"
be388e87-2e9d-44ac-be4f-3a073b9ead8c,ef767517-4f5b-412e-817b-6fcaa5789f73,"#N/A","#N/A","#N/A",After we received your new waterproof widgets we noticed they didn't float. What gives?,false,"#N/A",Low,New problem,Pending Approval,Waterproof Widgets donâ€™t float,"#N/A","#N/A","#N/A",Feature Request,"#N/A"
beda2ab3-b4fd-40e9-91be-5286cee12610,52f9bda6-5b57-446f-a107-a8c5b01c75b1,"#N/A","#N/A","#N/A",I'd like to block access to company analytics for certain users of the Inventory Management Suite.,false,"#N/A",Medium,Instructions not clear,Rejected,How do we restrict access?,"#N/A","#N/A","#N/A",Feature Request,"#N/A"
bf3663ff-881e-4a51-b564-fcea84b5606a,5af87115-727a-41ce-890c-66103895b34e,"#N/A","#N/A","#N/A",I was wondering if It is possible to o delete my profiles and start from scratch?,false,"#N/A",Medium,User didn't attend training,On Hold,Can I delete all my profiles?,"#N/A","#N/A","#N/A",Question,"#N/A"
c063dff6-4c37-481a-819e-21c1f38beaca,be653a0e-33a7-4171-9348-bdccedc8abe4,"#N/A","#N/A","#N/A",We'd like to add some additional functionality.,false,"#N/A",Medium,New problem,Escalated,Can we further customize the Inventory Management Suite?,"#N/A","#N/A","#N/A",Feature Request,"#N/A"
c44621c1-e91c-4e77-a7ad-3dc01a15993b,5e6dbe38-4eae-4a52-a525-85361f193f86,"#N/A","#N/A","#N/A",When I upgraded to the newest version some of my integrations broke,false,"#N/A",High,New problem,Escalated,Newest update cause an error,"#N/A","#N/A","#N/A",Problem,"#N/A"
c559df98-84ff-485e-ae9f-65dae25845fc,458c89aa-9125-4803-ab3f-175ac6d139aa,"#N/A","#N/A","#N/A",My company makes and app. Can we integrate it with your products?,false,"#N/A",Medium,Complex Functionallity,Approved,Third Party Integrations,"#N/A","#N/A","#N/A",Feature Request,"#N/A"
c5ca31d2-92aa-4fb3-a06c-cd612fa1ab93,c9a00c85-59f6-4d93-a7a2-03105157f676,"#N/A","#N/A","#N/A",My company makes and app. Can we integrate it with your products?,false,"#N/A",Medium,Complex Functionallity,Escalated,Third Party Integrations,"#N/A","#N/A","#N/A",Feature Request,"#N/A"
c5f4f20f-f4c4-42de-97c4-8d5543887418,45328078-21dc-4bd3-8455-76e2de5becec,"#N/A","#N/A","#N/A",EMEA Case,false,"#N/A",Medium,Existing problem,New,Increase number of licenses,"#N/A","#N/A","#N/A",Question,"#N/A"
c6fb62c4-2a20-4b9d-b9dd-e40f1fc19a65,45328078-21dc-4bd3-8455-76e2de5becec,"#N/A","#N/A","#N/A",My company makes and app. Can we integrate it with your products?,false,"#N/A",Medium,Complex Functionallity,New,Third Party Integrations,"#N/A","#N/A","#N/A",Feature Request,"#N/A"
c75f402f-320a-4aef-b6a3-72293c02978b,1d0a015b-a34e-4bd5-9e60-0f815f02218f,"#N/A","#N/A","#N/A",Is it possible to make our widgets waterproof?,false,"#N/A",Low,New problem,Rejected,Widgets aren't waterproof,"#N/A","#N/A","#N/A",Feature Request,"#N/A"
c894f748-00bb-43fc-891a-5ebd73cacc61,5af87115-727a-41ce-890c-66103895b34e,"#N/A","#N/A","#N/A",When I upgraded to the newest version some of my integrations broke,false,"#N/A",High,New problem,On Hold,Newest update cause an error,"#N/A","#N/A","#N/A",Problem,"#N/A"
c9992ff2-8e37-4fa7-8ad8-ac37bf2c86a1,e593c870-285e-4a97-8fe0-fcad10964493,"#N/A","#N/A","#N/A",I have forgotten my login. Please send me new credentials.,false,"#N/A",Medium,Instructions not clear,On Hold,Login credentials,"#N/A","#N/A","#N/A",Feature Request,"#N/A"
cb158d2f-c6c7-4640-9169-4625b8ddadf6,4e1d3969-5780-49f6-9532-e5828c8c7c99,"#N/A","#N/A","#N/A",I have forgotten my login. Please send me new credentials.,false,"#N/A",Medium,Instructions not clear,Approved,Login credentials,"#N/A","#N/A","#N/A",Feature Request,"#N/A"
cba3485c-ba47-4b4b-9a8a-6e59b664a0f5,64759528-6066-4534-81e8-28ea0598d1d6,"#N/A","#N/A","#N/A",Is it possible to make our widgets waterproof?,false,"#N/A",Low,New problem,Closed,Widgets aren't waterproof,"#N/A","#N/A","#N/A",Feature Request,"#N/A"
cc499e14-1f10-4b69-a89d-f89a4d050190,b66b7302-5cd0-41f2-8cef-83aecae2f509,"#N/A","#N/A","#N/A",Is it possible to make our widgets waterproof?,false,"#N/A",Low,New problem,Approved,Widgets aren't waterproof,"#N/A","#N/A","#N/A",Feature Request,"#N/A"
cc813230-7fdf-479a-892b-6548cb317c28,ba90dfa4-a600-4e0c-aa88-abc4a157f4ef,"#N/A","#N/A","#N/A",I was wondering if It is possible to o delete my profiles and start from scratch?,false,"#N/A",Medium,User didn't attend training,On Hold,Can I delete all my profiles?,"#N/A","#N/A","#N/A",Question,"#N/A"
cd2d4ad9-a661-43d2-ab86-f8877f528719,be8f6c38-d39f-44bd-80c9-51994c11d160,"#N/A","#N/A","#N/A",Is it possible to make our widgets waterproof?,false,"#N/A",Low,New problem,Pending Approval,Widgets aren't waterproof,"#N/A","#N/A","#N/A",Feature Request,"#N/A"
cd486f37-cd9d-4058-b70b-fa9279d2063d,5645600e-c77d-40a7-8222-0b3670361198,"#N/A","#N/A","#N/A",I'm having trouble using the xyz widget....,false,"#N/A",High,Instructions not clear,Escalated,Trouble using the xyz widget,"#N/A","#N/A","#N/A",Feature Request,"#N/A"
cdc09c0d-8434-48f6-9597-b9445ceba71e,a132ad76-eb78-4e08-acf0-64375c0562f6,"#N/A","#N/A","#N/A",Is it possible to make our widgets waterproof?,false,"#N/A",Low,New problem,Approved,Widgets aren't waterproof,"#N/A","#N/A","#N/A",Feature Request,"#N/A"
cde9185d-17de-41e8-b04c-e8e4e9d04274,5d45091d-555b-45a0-9a65-43662e38fa1e,"#N/A","#N/A","#N/A",After we received your new waterproof widgets we noticed they didn't float. What gives?,false,"#N/A",Low,New problem,Escalated,Waterproof Widgets donâ€™t float,"#N/A","#N/A","#N/A",Feature Request,"#N/A"
ced7c6ae-72f0-47a7-b294-47b9e72a38d7,6fbac922-cc3e-45f6-973f-ad272607efe6,"#N/A","#N/A","#N/A",I was wondering if It is possible to o delete my profiles and start from scratch?,false,"#N/A",Medium,User didn't attend training,New,Can I delete all my profiles?,"#N/A","#N/A","#N/A",Question,"#N/A"
cf66ee3f-75fa-4b90-b2f5-e242736df3e4,91b88d2b-9234-41d2-b25c-1a8a60f2ecfd,"#N/A","#N/A","#N/A",Is it possible to make our widgets waterproof?,false,"#N/A",Low,New problem,Escalated,Widgets aren't waterproof,"#N/A","#N/A","#N/A",Feature Request,"#N/A"
cf6f3b66-f03c-41b0-b8bd-33b1ce200473,1d27199c-43f8-4b93-af67-b21437b7d128,"#N/A","#N/A","#N/A",I have forgotten my login. Please send me new credentials.,false,"#N/A",Medium,Instructions not clear,Pending Approval,Login credentials,"#N/A","#N/A","#N/A",Feature Request,"#N/A"
cf9f8e81-b578-40df-b050-77cb96d5ec53,a30be0a9-e2da-493e-92a3-af664fc5bfad,"#N/A","#N/A","#N/A",When I upgraded to the newest version some of my integrations broke,false,"#N/A",High,New problem,On Hold,Newest update cause an error,"#N/A","#N/A","#N/A",Problem,"#N/A"
d0de0e6a-d784-461c-9fe2-4247d7ad5ba3,842ff503-bda8-4d09-a5a6-e4e27d615042,"#N/A","#N/A","#N/A",After we received your new waterproof widgets we noticed they didn't float. What gives?,false,"#N/A",Low,New problem,Closed,Waterproof Widgets donâ€™t float,"#N/A","#N/A","#N/A",Feature Request,"#N/A"
d289fcad-d755-46f5-a3f3-48d88dd4bd83,d98ae39e-bf25-449f-94f5-367831b784b1,"#N/A","#N/A","#N/A",I'm having trouble using the xyz widget....,false,"#N/A",High,Instructions not clear,Pending Approval,Trouble using the xyz widget,"#N/A","#N/A","#N/A",Feature Request,"#N/A"
d2fee2e1-06db-410c-9a02-e400e05dacce,4736bbb2-5ba3-4abc-98e0-b1b19738b6ac,"#N/A","#N/A","#N/A",I was wondering if It is possible to o delete my profiles and start from scratch?,false,"#N/A",Medium,User didn't attend training,Closed,Can I delete all my profiles?,"#N/A","#N/A","#N/A",Question,"#N/A"
d38be69f-46c1-4e0b-b234-e2a13918a00d,5e6dbe38-4eae-4a52-a525-85361f193f86,"#N/A","#N/A","#N/A",When I upgraded to the newest version some of my integrations broke,false,"#N/A",High,New problem,New,Newest update cause an error,"#N/A","#N/A","#N/A",Problem,"#N/A"
d6fd6861-4c73-429a-9385-1d4d283f23d1,97844bb5-f3f3-4156-a5b3-152ee86a2346,"#N/A","#N/A","#N/A",I was wondering if It is possible to o delete my profiles and start from scratch?,false,"#N/A",Medium,User didn't attend training,Pending Approval,Can I delete all my profiles?,"#N/A","#N/A","#N/A",Question,"#N/A"
d8d72639-03b2-4644-a366-c64f08725124,bb0753fb-f2f8-4c5d-9c42-7410be1b6b8d,"#N/A","#N/A","#N/A",I'm having trouble using the xyz widget....,false,"#N/A",High,Instructions not clear,Escalated,Trouble using the xyz widget,"#N/A","#N/A","#N/A",Feature Request,"#N/A"
d99c25f5-6b7c-4753-baa2-6af880d4e537,ba90dfa4-a600-4e0c-aa88-abc4a157f4ef,"#N/A","#N/A","#N/A",After we received your new waterproof widgets we noticed they didn't float. What gives?,false,"#N/A",Low,New problem,Approved,Waterproof Widgets donâ€™t float,"#N/A","#N/A","#N/A",Feature Request,"#N/A"
db315cb7-8c34-4dfd-ab1c-a455abaaece5,68925ae8-dddc-4e63-85fd-626544383618,"#N/A","#N/A","#N/A",I'd like to block access to company analytics for certain users of the Inventory Management Suite.,false,"#N/A",Medium,Instructions not clear,New,How do we restrict access?,"#N/A","#N/A","#N/A",Feature Request,"#N/A"
dbf499ae-7c6e-44aa-9753-fbc5ca19f4ea,ef767517-4f5b-412e-817b-6fcaa5789f73,"#N/A","#N/A","#N/A",Is it possible to make our widgets waterproof?,false,"#N/A",Low,New problem,Pending Approval,Widgets aren't waterproof,"#N/A","#N/A","#N/A",Feature Request,"#N/A"
dca51b7e-b8e2-48a4-a92a-b147d7991430,19e45baa-82fe-496a-841d-ff6b5b031dac,"#N/A","#N/A","#N/A",When I upgraded to the newest version some of my integrations broke,false,"#N/A",High,New problem,Pending Approval,Newest update cause an error,"#N/A","#N/A","#N/A",Problem,"#N/A"
ddffb49d-5abb-43e7-b24c-9af1bf937b25,115d628a-bc88-4073-8140-121dab9a557a,"#N/A","#N/A","#N/A",My company makes and app. Can we integrate it with your products?,false,"#N/A",Medium,Complex Functionallity,Closed,Third Party Integrations,"#N/A","#N/A","#N/A",Feature Request,"#N/A"
ded9f7da-5a85-4194-a487-e0dc6f554ad1,e04a086d-b0fe-4945-9892-d7aa71dbdd8d,"#N/A","#N/A","#N/A",My company makes and app. Can we integrate it with your products?,false,"#N/A",Medium,Complex Functionallity,New,Third Party Integrations,"#N/A","#N/A","#N/A",Feature Request,"#N/A"
e1772702-a2f1-4832-b938-d119ef2accb2,d88e2b19-f9a3-4fa4-b7fd-22ae8453d15f,"#N/A","#N/A","#N/A",I have forgotten my login. Please send me new credentials.,false,"#N/A",Medium,Instructions not clear,Approved,Login credentials,"#N/A","#N/A","#N/A",Feature Request,"#N/A"
e1cc179c-a12d-4355-91be-b13b40769769,5645600e-c77d-40a7-8222-0b3670361198,"#N/A","#N/A","#N/A",After we received your new waterproof widgets we noticed they didn't float. What gives?,false,"#N/A",Low,New problem,Approved,Waterproof Widgets donâ€™t float,"#N/A","#N/A","#N/A",Feature Request,"#N/A"
e3612b25-dbea-4ecb-92a6-48509ada3289,b040d0bb-799f-45fd-9b6b-5393f7c7c641,"#N/A","#N/A","#N/A",Is it possible to make our widgets waterproof?,false,"#N/A",Low,New problem,Closed,Widgets aren't waterproof,"#N/A","#N/A","#N/A",Feature Request,"#N/A"
e3707f5f-bfbc-4cb6-a853-e506d45a60fb,fd618262-2a79-4aa2-ad79-2c7421955aa8,"#N/A","#N/A","#N/A",I'd like to block access to company analytics for certain users of the Inventory Management Suite.,false,"#N/A",Medium,Instructions not clear,On Hold,How do we restrict access?,"#N/A","#N/A","#N/A",Feature Request,"#N/A"
e4188f20-9b35-4a00-919f-837c13c34741,2d4d76af-765a-4aaf-8cd1-01a44d8aa23c,"#N/A","#N/A","#N/A",I'm having trouble using the xyz widget....,false,"#N/A",High,Instructions not clear,Pending Approval,Trouble using the xyz widget,"#N/A","#N/A","#N/A",Feature Request,"#N/A"
e493fae4-39f1-4643-a7c7-3fbc249be3c1,1d27199c-43f8-4b93-af67-b21437b7d128,"#N/A","#N/A","#N/A",I'd like to block access to company analytics for certain users of the Inventory Management Suite.,false,"#N/A",Medium,Instructions not clear,On Hold,How do we restrict access?,"#N/A","#N/A","#N/A",Feature Request,"#N/A"
e5bc65a3-6af6-4d6e-9465-fa06b5cb73fc,64759528-6066-4534-81e8-28ea0598d1d6,"#N/A","#N/A","#N/A",I have forgotten my login. Please send me new credentials.,false,"#N/A",Medium,Instructions not clear,Rejected,Login credentials,"#N/A","#N/A","#N/A",Feature Request,"#N/A"
e66f7fb5-7387-442d-adb0-7f7a7cff3510,21e922ed-209e-479e-a6a1-cc1f6c11b682,"#N/A","#N/A","#N/A",When I upgraded to the newest version some of my integrations broke,false,"#N/A",High,New problem,Escalated,Newest update cause an error,"#N/A","#N/A","#N/A",Problem,"#N/A"
e6c0a434-4ac1-48e4-a110-b4f5998bcd24,e04a086d-b0fe-4945-9892-d7aa71dbdd8d,"#N/A","#N/A","#N/A",When I upgraded to the newest version some of my integrations broke,false,"#N/A",High,New problem,New,Newest update cause an error,"#N/A","#N/A","#N/A",Problem,"#N/A"
e75208e2-a7d4-426f-b538-e8f7ae30204e,4736bbb2-5ba3-4abc-98e0-b1b19738b6ac,"#N/A","#N/A","#N/A",I have forgotten my login. Please send me new credentials.,false,"#N/A",Medium,Instructions not clear,Pending Approval,Login credentials,"#N/A","#N/A","#N/A",Feature Request,"#N/A"
e7afc2bf-0e64-4f06-ad0d-413d7d05b18f,03697332-e6c6-4758-93d6-6602e9cd7c82,"#N/A","#N/A","#N/A",User Needs Help,false,"#N/A",Medium,New problem,Approved,Sporadically Blank User and Org fields on output,"#N/A","#N/A","#N/A",Problem,"#N/A"
e9039384-5151-4033-b6bd-be29a256b41a,fe5971c5-e533-48ae-b72a-a5610952187e,"#N/A","#N/A","#N/A",I have forgotten my login. Please send me new credentials.,false,"#N/A",Medium,Instructions not clear,Approved,Login credentials,"#N/A","#N/A","#N/A",Feature Request,"#N/A"
e9595879-f79d-493f-b45c-63d2fbe1abda,2a04d464-6196-45fd-b48b-a30e991e74e2,"#N/A","#N/A","#N/A",My company makes and app. Can we integrate it with your products?,false,"#N/A",Medium,Complex Functionallity,Closed,Third Party Integrations,"#N/A","#N/A","#N/A",Feature Request,"#N/A"
e9e84f16-a74e-45cb-b082-ab7089799c0e,1d0a015b-a34e-4bd5-9e60-0f815f02218f,"#N/A","#N/A","#N/A",I was wondering if It is possible to o delete my profiles and start from scratch?,false,"#N/A",Medium,User didn't attend training,Approved,Can I delete all my profiles?,"#N/A","#N/A","#N/A",Question,"#N/A"
ea574e2e-a7bc-43bc-a3a9-7f2a4836bc3e,bc96ecd1-30e9-4a18-87ae-e6fe07e4005b,"#N/A","#N/A","#N/A",I was wondering if It is possible to o delete my profiles and start from scratch?,false,"#N/A",Medium,User didn't attend training,On Hold,Can I delete all my profiles?,"#N/A","#N/A","#N/A",Question,"#N/A"
ea57cbb9-ede7-481b-b756-5dcfbb632536,2a04d464-6196-45fd-b48b-a30e991e74e2,"#N/A","#N/A","#N/A",After we received your new waterproof widgets we noticed they didn't float. What gives?,false,"#N/A",Low,New problem,Pending Approval,Waterproof Widgets donâ€™t float,"#N/A","#N/A","#N/A",Feature Request,"#N/A"
eafb5aaa-76f7-4de6-ac2c-80ffba41aca8,c076628f-2c53-4eed-81d6-6055858b4890,"#N/A","#N/A","#N/A",User Needs Help,false,"#N/A",Medium,User didn't attend training,Rejected,Question,"#N/A","#N/A","#N/A",Question,"#N/A"
eb27286b-9937-43b8-9925-d8c59b79b3ab,d7a168e9-4115-4b58-8d32-eeb74e600ea6,"#N/A","#N/A","#N/A",When I upgraded to the newest version some of my integrations broke,false,"#N/A",High,New problem,Rejected,Newest update cause an error,"#N/A","#N/A","#N/A",Problem,"#N/A"
eb4bafca-5083-4092-873e-e769b2ff3016,990a237e-03ab-4019-a1f4-32d5799e5ac3,"#N/A","#N/A","#N/A",My company makes and app. Can we integrate it with your products?,false,"#N/A",Medium,Complex Functionallity,Approved,Third Party Integrations,"#N/A","#N/A","#N/A",Feature Request,"#N/A"
ebe3ce06-f2e3-4401-8227-a099bc08b91e,7ff8b762-1cb3-411b-8c84-35aa74c258d8,"#N/A","#N/A","#N/A",Is it possible to make our widgets waterproof?,false,"#N/A",Low,New problem,New,Widgets aren't waterproof,"#N/A","#N/A","#N/A",Feature Request,"#N/A"
ec8118d4-d69e-4d12-9dad-15897f5115bc,fc82c859-6f09-4c66-9751-b7b01476fc1d,"#N/A","#N/A","#N/A",I was wondering if It is possible to o delete my profiles and start from scratch?,false,"#N/A",Medium,User didn't attend training,On Hold,Can I delete all my profiles?,"#N/A","#N/A","#N/A",Question,"#N/A"
ece36847-b458-452a-9124-8ff0d77e48d9,cced7470-96ee-4fb1-b521-c1ed592a2f80,"#N/A","#N/A","#N/A",I'd like to block access to company analytics for certain users of the Inventory Management Suite.,false,"#N/A",Medium,Instructions not clear,Escalated,How do we restrict access?,"#N/A","#N/A","#N/A",Feature Request,"#N/A"
ed6e2e13-27a6-4d44-82e3-0cb1ed21d862,5c882316-eced-4951-886b-5470b86c0162,"#N/A","#N/A","#N/A",After we received your new waterproof widgets we noticed they didn't float. What gives?,false,"#N/A",Low,New problem,Closed,Waterproof Widgets donâ€™t float,"#N/A","#N/A","#N/A",Feature Request,"#N/A"
ee90675e-3cc5-411f-b19b-90a73799a93f,f690f692-970a-428a-a6f3-54d807aaf06b,"#N/A","#N/A","#N/A",Is it possible to make our widgets waterproof?,false,"#N/A",Low,New problem,Escalated,Widgets aren't waterproof,"#N/A","#N/A","#N/A",Feature Request,"#N/A"
eee7f44f-a3a8-46a2-a9c6-a3a7c55f430b,359dec9b-63ba-4241-b0eb-8c3a4373485e,"#N/A","#N/A","#N/A",My company makes and app. Can we integrate it with your products?,false,"#N/A",Medium,Complex Functionallity,Approved,Third Party Integrations,"#N/A","#N/A","#N/A",Feature Request,"#N/A"
ef72e43a-108f-49e6-815e-13e9d82205a6,4eb2696f-ecfa-4fdb-ae12-bb6b3aed20a7,"#N/A","#N/A","#N/A",I was wondering if It is possible to o delete my profiles and start from scratch?,false,"#N/A",Medium,User didn't attend training,Closed,Can I delete all my profiles?,"#N/A","#N/A","#N/A",Question,"#N/A"
f0dedb90-8d5c-4044-8095-72f0926ac02c,3c5e8d02-107e-4716-859d-3ed85a9cd660,"#N/A","#N/A","#N/A",I'm having trouble using the xyz widget....,false,"#N/A",High,Instructions not clear,New,Trouble using the xyz widget,"#N/A","#N/A","#N/A",Feature Request,"#N/A"
f139b6e4-1e94-48ca-b77d-6bf1fb32a310,28c15f19-fede-4f8e-ac2a-89a67cd5dc77,"#N/A","#N/A","#N/A",I'd like to block access to company analytics for certain users of the Inventory Management Suite.,false,"#N/A",Medium,Instructions not clear,Escalated,How do we restrict access?,"#N/A","#N/A","#N/A",Feature Request,"#N/A"
f2e6f477-618f-4c38-878d-c6ab170fb164,fe5971c5-e533-48ae-b72a-a5610952187e,"#N/A","#N/A","#N/A",I'd like to block access to company analytics for certain users of the Inventory Management Suite.,false,"#N/A",Medium,Instructions not clear,Closed,How do we restrict access?,"#N/A","#N/A","#N/A",Feature Request,"#N/A"
f3384f86-822e-4a12-bd83-b807016c1684,e04a086d-b0fe-4945-9892-d7aa71dbdd8d,"#N/A","#N/A","#N/A",After we received your new waterproof widgets we noticed they didn't float. What gives?,false,"#N/A",Low,New problem,On Hold,Waterproof Widgets donâ€™t float,"#N/A","#N/A","#N/A",Feature Request,"#N/A"
f3816758-67ee-475a-8a05-426c7ed1ba77,6d0a290f-2a55-4d9b-bfc1-086c36939bf2,"#N/A","#N/A","#N/A",After we received your new waterproof widgets we noticed they didn't float. What gives?,false,"#N/A",Low,New problem,Closed,Waterproof Widgets donâ€™t float,"#N/A","#N/A","#N/A",Feature Request,"#N/A"
f39c84ed-37ef-40dc-ac3c-a7988d200ef4,a1c17ba1-e231-4839-b79f-4e7ba826c66a,Service Cloud,"#N/A","#N/A",Can you help me?,false,"#N/A",Medium,"#N/A",Escalated,I have a question about something...,"#N/A","#N/A","#N/A",Question,"#N/A"
f419724b-9fb1-43a2-94db-54928f772cd1,8919cf71-95c5-44ec-954c-ddb9476a73ef,"#N/A","#N/A","#N/A",After we received your new waterproof widgets we noticed they didn't float. What gives?,false,"#N/A",Low,New problem,Approved,Waterproof Widgets donâ€™t float,"#N/A","#N/A","#N/A",Feature Request,"#N/A"
f4bb2bb9-7f17-4b27-b8a0-88844fab37e9,ffa6944d-57bc-4a81-901f-050b74e9530f,"#N/A","#N/A","#N/A",After we received your new waterproof widgets we noticed they didn't float. What gives?,false,"#N/A",Low,New problem,Closed,Waterproof Widgets donâ€™t float,"#N/A","#N/A","#N/A",Feature Request,"#N/A"
f4bbef0c-1c6e-46e0-98bb-188e708af674,a1bd970e-b93f-4201-a375-a4de321e1e9c,"#N/A","#N/A","#N/A",I'd like to block access to company analytics for certain users of the Inventory Management Suite.,false,"#N/A",Medium,Instructions not clear,New,How do we restrict access?,"#N/A","#N/A","#N/A",Feature Request,"#N/A"
f62c2415-52c0-4326-81b1-f13cabb9b872,a1bd970e-b93f-4201-a375-a4de321e1e9c,"#N/A","#N/A","#N/A",I'd like to block access to company analytics for certain users of the Inventory Management Suite.,false,"#N/A",Medium,Instructions not clear,New,How do we restrict access?,"#N/A","#N/A","#N/A",Feature Request,"#N/A"
f655b9eb-910a-48bd-8824-42028dc53407,458c89aa-9125-4803-ab3f-175ac6d139aa,"#N/A","#N/A","#N/A",My company makes and app. Can we integrate it with your products?,false,"#N/A",Medium,Complex Functionallity,Closed,Third Party Integrations,"#N/A","#N/A","#N/A",Feature Request,"#N/A"
f7f90b90-88fc-46a8-b395-dce558c33261,5fba70db-d1b2-4c21-a5dd-e30a42a03cc5,"#N/A","#N/A","#N/A",I'd like to block access to company analytics for certain users of the Inventory Management Suite.,false,"#N/A",Medium,Instructions not clear,New,How do we restrict access?,"#N/A","#N/A","#N/A",Feature Request,"#N/A"
f8c27ec0-5c3f-47f0-8586-b805b661a398,8475028c-d658-44b8-a332-12d19e73251d,"#N/A","#N/A","#N/A",I'm having trouble using the xyz widget....,false,"#N/A",High,Instructions not clear,New,Trouble using the xyz widget,"#N/A","#N/A","#N/A",Feature Request,"#N/A"
f8efe704-4779-4cb6-a88d-aa87e083f17d,f7f5f2a0-cf68-40aa-9723-7be4c947c0c7,"#N/A","#N/A","#N/A",I'm having trouble using the xyz widget....,false,"#N/A",High,Instructions not clear,Approved,Trouble using the xyz widget,"#N/A","#N/A","#N/A",Feature Request,"#N/A"
f95b1609-f55d-4e10-b45d-bce42d90de01,9377780b-19d0-45e3-a6b2-458cc8cb2b74,"#N/A","#N/A","#N/A",I'd like to block access to company analytics for certain users of the Inventory Management Suite.,false,"#N/A",Medium,Instructions not clear,Escalated,How do we restrict access?,"#N/A","#N/A","#N/A",Feature Request,"#N/A"
fa14792d-0ced-4d6b-b206-d91ddb60cf6f,7dd49297-ef2d-43ee-bc88-595ac728af2e,"#N/A","#N/A","#N/A",My company makes and app. Can we integrate it with your products?,false,"#N/A",Medium,Complex Functionallity,Pending Approval,Third Party Integrations,"#N/A","#N/A","#N/A",Feature Request,"#N/A"
fdb30b66-7ffe-4d1a-985f-12bc772cc0e5,be8f6c38-d39f-44bd-80c9-51994c11d160,"#N/A","#N/A","#N/A",I was wondering if It is possible to o delete my profiles and start from scratch?,false,"#N/A",Medium,User didn't attend training,Rejected,Can I delete all my profiles?,"#N/A","#N/A","#N/A",Question,"#N/A"
fe6091bf-10c7-4111-b802-cf0e732b7bd7,f7f5f2a0-cf68-40aa-9723-7be4c947c0c7,"#N/A","#N/A","#N/A",I was wondering if It is possible to o delete my profiles and start from scratch?,false,"#N/A",Medium,User didn't attend training,Escalated,Can I delete all my profiles?,"#N/A","#N/A","#N/A",Question,"#N/A"
fe95eb65-abdd-4e49-b721-c6a511e6e5b5,bc96ecd1-30e9-4a18-87ae-e6fe07e4005b,"#N/A","#N/A","#N/A",I'm having trouble using the xyz widget....,false,"#N/A",High,Instructions not clear,Rejected,Trouble using the xyz widget,"#N/A","#N/A","#N/A",Feature Request,"#N/A"
ff3e10d6-a142-4c35-9c85-97ae337659b5,a9b1c568-dd95-4e74-9d7e-757a873d300c,"#N/A","#N/A","#N/A",I'm having trouble using the xyz widget....,false,"#N/A",High,Instructions not clear,Approved,Trouble using the xyz widget,"#N/A","#N/A","#N/A",Feature Request,"#N/A"
