"Guid","Name","SBQQ__MethodName__c","SBQQ__Version__c"
0dbac300-e4bf-4da7-8424-a5ca409cdff9,a2X5e000006dyFo,CalculatorReferencedFieldRemover,228.7
10592041-a2dc-4040-8c72-0e1e2571fbbc,a2X5e000006dyFg,createExternalConfiguratorCustomAction,228.7
1993038b-e010-4e0d-8125-ff92cd152c2d,a2X5e000006dyFx,SBQQ.DiscountScheduleRefFieldGenerator,228.7
1dc8e032-f334-43ef-891b-5ac83363125e,a2X5e000006dyG1,SBQQ.PriceRuleRefFieldGenerator,228.7
21c1f33c-0fd0-4561-a501-0f20efd7edbd,a2X5e000006dyFh,createAmendSubscriptionsCustomQleAction,228.7
2b10de2e-72f2-4520-85ef-b872432718f3,a2X5e000006dyFl,createAddRecommendedProductsAction,228.7
39f5aeb1-3ec8-4863-959b-9187a33b786b,a2X5e000006dyG5,SBQQ.BatchableConfigAttrReferencedFieldUtil,228.7
59373dc1-30ff-4b4b-be26-d78783f567f1,a2X5e000006dyG4,SBQQ.ProductRefFieldGenerator,228.7
5c7b09a7-e805-46b9-94ac-23e30b1def5c,a2X5e000006dyFf,createViewConsumptionScheduleLineAction,228.7
62dd3838-c2a6-48e8-8d24-ab2de7cb5192,a2X5e000006dyFz,SBQQ.SummaryVarRefFieldGenerator,228.7
6711af89-1c5f-4357-b88b-903d3c4729b7,a2X5e000006dyFk,enableFlagToPreventBackdatedAmendments,228.7
706cac7c-2ad7-4413-97e8-f5c76ac641e9,a2X5e000006dyFr,SBQQ.InstallProcessorBatchRequiredByAsset,228.7
71eae226-d289-41dc-aa69-108fe1d46969,a2X5e000006dyFi,viewPricingGuidanceLineAction,228.7
72f1fc19-8faa-4a72-ac24-006d25463fb4,a2X5e000006dyFj,createConfiguratorEditRulesAction,228.7
7ee50dbb-242d-41b6-ae4e-6c3a8c9c24b2,a2X5e000006dyG8,SBQQ.RootIdSetterChildSubscriptions,228.7
7fc5633d-b42b-448d-82fd-0e1ad7dad258,a2X5e000006dyG3,SBQQ.CustomActionRefFieldGenerator,228.7
817697ef-fbf9-4aca-ac48-46994bed128d,a2X5e000006dyFw,SBQQ.InstallProcessorBatchAssetCombineKey,228.7
95bd82d4-bb07-4f8b-88ce-50089b55c323,a2X5e000006dyG0,SBQQ.ProductRuleRefFieldGenerator,228.7
97e62628-9b14-4e41-8bad-22c9d9c9b217,a2X5e000006dyFs,SBQQ.ReferencedFieldRemover,228.7
ac92cc0b-3400-4f7d-bf30-96a81adccf02,a2X5e000006dyG6,SBQQ.RootIdSetterParentSubscriptions,228.7
b31e5248-5959-41a3-a989-a32e1c27afb5,a2X5e000006dyFu,SBQQ.BatchableDSExclusionGenerator,228.7
b4a65a57-2d59-4d38-a42f-993da87e68ba,a2X5e000006dyG2,SBQQ.InstallProcessorBatchHasCS,228.7
b7ecf66e-c6b6-4523-9966-546aae26a9e0,a2X5e000006dyG7,SBQQ.RootIdSetterParentAssets,228.7
bb234215-8ef6-4f56-85cd-037e9ddc7854,a2X5e000006dyFy,updateOIsWithAssetsContractsSubs,228.7
c3b0a759-e101-4060-ba5c-be16a331fb42,a2X5e000006dyFq,SBQQ.InstallProcessorBatchQLIPriceBookEntry,228.7
d11e7b37-e131-4427-9133-80964ce62ca1,a2X5e000006dyFt,SBQQ.InstallProcessorBatchLocalizationIndex,228.7
d2ea34c0-edc1-4159-8a5f-abacb0bac968,a2X5e000006dyFp,SBQQ.BatchablePluginTranspileUtil,228.7
d87001cb-fed3-48f6-9c69-56ca577f88c0,a2X5e000006dyFm,SBQQ.InstallProcessorBatchRegularPrice,228.7
f32d753c-f6c2-44e7-b2ed-93e061753809,a2X5e000006dyFe,createCustomActionsOnQLE,228.7
f4c47e50-8a19-43c6-8200-d4059aa7ed41,a2X5e000006dyFv,SBQQ.InstallProcessorBatchThemeGenerator,228.7
f7661609-1901-419c-8c4f-8821c64858cc,a2X5e000006dyFn,SBQQ.InstallProcessorBatchQuantityEditable,228.7
fbc752ce-b682-41ae-b34a-e4c9f929e213,a2X5e000006dyG9,SBQQ.RootIdSetterChildAssets,228.7
